idna_subject,checker_type,destination,source,tested_at,session_id
0koryu0.easter.ne.jp,AVAILABILITY,domains.list,domains.list,2022-01-15 08:56:17.975554,b8c74ac1b289ceec9cfb194b
2amsports.com,AVAILABILITY,domains.list,domains.list,2022-01-15 08:56:18.687464,b8c74ac1b289ceec9cfb194b
4dexports.com,AVAILABILITY,domains.list,domains.list,2022-01-15 08:56:18.973014,b8c74ac1b289ceec9cfb194b
61kx.uk-insolvencydirect.com,AVAILABILITY,domains.list,domains.list,2022-01-15 08:56:19.470997,b8c74ac1b289ceec9cfb194b
6b8a953b2bf7788063d5-6e453f33ecbb90f11a62a5c376375af3.r71.cf5.rackcdn.com,AVAILABILITY,domains.list,domains.list,2022-01-15 08:56:20.207197,b8c74ac1b289ceec9cfb194b
97b1c56132dfcdd90f93-0c5c8388c0a5897e648f883e2c86dc72.r54.cf5.rackcdn.com,AVAILABILITY,domains.list,domains.list,2022-01-15 08:56:20.896551,b8c74ac1b289ceec9cfb194b
999fitness.com,AVAILABILITY,domains.list,domains.list,2022-01-15 08:56:21.356650,b8c74ac1b289ceec9cfb194b
a.update.51edm.net,AVAILABILITY,domains.list,domains.list,2022-01-15 08:56:21.984852,b8c74ac1b289ceec9cfb194b
abcdespanol.com,AVAILABILITY,domains.list,domains.list,2022-01-15 08:56:31.169294,b8c74ac1b289ceec9cfb194b
achren.org,AVAILABILITY,domains.list,domains.list,2022-01-15 08:56:31.891876,b8c74ac1b289ceec9cfb194b
acool.csheaven.com,AVAILABILITY,domains.list,domains.list,2022-01-15 08:56:32.777025,b8c74ac1b289ceec9cfb194b
ad.9tv.co.il,AVAILABILITY,domains.list,domains.list,2022-01-15 08:56:43.815719,b8c74ac1b289ceec9cfb194b
adlock.in,AVAILABILITY,domains.list,domains.list,2022-01-15 08:56:44.592927,b8c74ac1b289ceec9cfb194b
adobeflashupdate14.com,AVAILABILITY,domains.list,domains.list,2022-01-15 08:56:44.895399,b8c74ac1b289ceec9cfb194b
adserving.favorit-network.com,AVAILABILITY,domains.list,domains.list,2022-01-15 08:56:45.391948,b8c74ac1b289ceec9cfb194b
adv.riza.it,AVAILABILITY,domains.list,domains.list,2022-01-15 08:56:47.899544,b8c74ac1b289ceec9cfb194b
advancetec.co.uk,AVAILABILITY,domains.list,domains.list,2022-01-15 08:56:48.620823,b8c74ac1b289ceec9cfb194b
afa15.com.ne.kr,AVAILABILITY,domains.list,domains.list,2022-01-15 08:56:49.350294,b8c74ac1b289ceec9cfb194b
agsteier.com,AVAILABILITY,domains.list,domains.list,2022-01-15 08:56:49.822235,b8c74ac1b289ceec9cfb194b
aintdoinshit.com,AVAILABILITY,domains.list,domains.list,2022-01-15 08:56:50.792809,b8c74ac1b289ceec9cfb194b
ajewishgift.com,AVAILABILITY,domains.list,domains.list,2022-01-15 08:56:51.446304,b8c74ac1b289ceec9cfb194b
akirkpatrick.com,AVAILABILITY,domains.list,domains.list,2022-01-15 08:56:52.327503,b8c74ac1b289ceec9cfb194b
alegroup.info,AVAILABILITY,domains.list,domains.list,2022-01-15 08:56:52.991685,b8c74ac1b289ceec9cfb194b
alisat.biz,AVAILABILITY,domains.list,domains.list,2022-01-15 08:56:53.494987,b8c74ac1b289ceec9cfb194b
alissonluis-musico.sites.uol.com.br,AVAILABILITY,domains.list,domains.list,2022-01-15 08:56:55.650313,b8c74ac1b289ceec9cfb194b
allforlove.de,AVAILABILITY,domains.list,domains.list,2022-01-15 08:56:57.019066,b8c74ac1b289ceec9cfb194b
alsoknowsit.com,AVAILABILITY,domains.list,domains.list,2022-01-15 08:56:57.511838,b8c74ac1b289ceec9cfb194b
ama-alliance.com,AVAILABILITY,domains.list,domains.list,2022-01-15 08:56:57.789294,b8c74ac1b289ceec9cfb194b
amazingvacationhotels.com,AVAILABILITY,domains.list,domains.list,2022-01-15 08:56:58.152122,b8c74ac1b289ceec9cfb194b
ambulanciaslazaro.com,AVAILABILITY,domains.list,domains.list,2022-01-15 08:56:59.782652,b8c74ac1b289ceec9cfb194b
americancareconcept.com,AVAILABILITY,domains.list,domains.list,2022-01-15 08:57:00.668120,b8c74ac1b289ceec9cfb194b
aminev.com,AVAILABILITY,domains.list,domains.list,2022-01-15 08:57:04.551804,b8c74ac1b289ceec9cfb194b
analxxxclipsyjh.dnset.com,AVAILABILITY,domains.list,domains.list,2022-01-15 08:57:05.774601,b8c74ac1b289ceec9cfb194b
antalya.ru,AVAILABILITY,domains.list,domains.list,2022-01-15 08:57:06.957390,b8c74ac1b289ceec9cfb194b
app.pho8.com,AVAILABILITY,domains.list,domains.list,2022-01-15 08:57:07.621536,b8c74ac1b289ceec9cfb194b
arkinsoftware.in,AVAILABILITY,domains.list,domains.list,2022-01-15 08:57:07.926313,b8c74ac1b289ceec9cfb194b
art-archiv.ru,AVAILABILITY,domains.list,domains.list,2022-01-15 08:57:08.196105,b8c74ac1b289ceec9cfb194b
artsconsortium.org,AVAILABILITY,domains.list,domains.list,2022-01-15 08:57:22.873791,b8c74ac1b289ceec9cfb194b
atlcourier.com,AVAILABILITY,domains.list,domains.list,2022-01-15 08:57:24.204931,b8c74ac1b289ceec9cfb194b
avppet.com,AVAILABILITY,domains.list,domains.list,2022-01-15 08:57:24.968619,b8c74ac1b289ceec9cfb194b
axisbuild.com,AVAILABILITY,domains.list,domains.list,2022-01-15 08:57:27.407929,b8c74ac1b289ceec9cfb194b
azoos.csheaven.com,AVAILABILITY,domains.list,domains.list,2022-01-15 08:57:28.291428,b8c74ac1b289ceec9cfb194b
b.nevadaprivateoffice.com,AVAILABILITY,domains.list,domains.list,2022-01-15 08:57:29.725193,b8c74ac1b289ceec9cfb194b
bargainracks.co.uk,AVAILABILITY,domains.list,domains.list,2022-01-15 08:57:30.528658,b8c74ac1b289ceec9cfb194b
batcoroadlinescorporation.com,AVAILABILITY,domains.list,domains.list,2022-01-15 08:57:30.832349,b8c74ac1b289ceec9cfb194b
bde.be,AVAILABILITY,domains.list,domains.list,2022-01-15 08:57:33.355688,b8c74ac1b289ceec9cfb194b
be-funk.com,AVAILABILITY,domains.list,domains.list,2022-01-15 08:57:33.626092,b8c74ac1b289ceec9cfb194b
beautysafari.com,AVAILABILITY,domains.list,domains.list,2022-01-15 08:57:34.304069,b8c74ac1b289ceec9cfb194b
becomedebtfree.com.au,AVAILABILITY,domains.list,domains.list,2022-01-15 08:57:36.002082,b8c74ac1b289ceec9cfb194b
beespace.com.ua,AVAILABILITY,domains.list,domains.list,2022-01-15 08:57:37.798700,b8c74ac1b289ceec9cfb194b
beldiplomcom.75.com1.ru,AVAILABILITY,domains.list,domains.list,2022-01-15 08:57:50.680172,b8c74ac1b289ceec9cfb194b
best100catfights.com,AVAILABILITY,domains.list,domains.list,2022-01-15 08:57:52.650425,b8c74ac1b289ceec9cfb194b
bezproudoff.cz,AVAILABILITY,domains.list,domains.list,2022-01-15 08:57:53.713783,b8c74ac1b289ceec9cfb194b
bilbaopisos.es,AVAILABILITY,domains.list,domains.list,2022-01-15 08:57:54.838334,b8c74ac1b289ceec9cfb194b
bizzibeans.net,AVAILABILITY,domains.list,domains.list,2022-01-15 08:57:55.432904,b8c74ac1b289ceec9cfb194b
blackfalcon5.net,AVAILABILITY,domains.list,domains.list,2022-01-15 08:57:55.717034,b8c74ac1b289ceec9cfb194b
bnsoutlaws.co.uk,AVAILABILITY,domains.list,domains.list,2022-01-15 08:57:58.477567,b8c74ac1b289ceec9cfb194b
bookofkisl.com,AVAILABILITY,domains.list,domains.list,2022-01-15 08:58:18.979597,b8c74ac1b289ceec9cfb194b
bracewellfamily.com,AVAILABILITY,domains.list,domains.list,2022-01-15 08:58:20.039848,b8c74ac1b289ceec9cfb194b
bride1.com,AVAILABILITY,domains.list,domains.list,2022-01-15 08:58:20.574777,b8c74ac1b289ceec9cfb194b
broadtech.co,AVAILABILITY,domains.list,domains.list,2022-01-15 08:58:21.010256,b8c74ac1b289ceec9cfb194b
buffalogoesout.com,AVAILABILITY,domains.list,domains.list,2022-01-15 08:58:21.715474,b8c74ac1b289ceec9cfb194b
buildviet.info,AVAILABILITY,domains.list,domains.list,2022-01-15 08:58:23.213502,b8c74ac1b289ceec9cfb194b
by98.com,AVAILABILITY,domains.list,domains.list,2022-01-15 08:58:24.177713,b8c74ac1b289ceec9cfb194b
cacl.fr,AVAILABILITY,domains.list,domains.list,2022-01-15 08:58:25.491909,b8c74ac1b289ceec9cfb194b
callingcardsinstantly.com,AVAILABILITY,domains.list,domains.list,2022-01-15 08:58:26.459285,b8c74ac1b289ceec9cfb194b
cannabislyric.com,AVAILABILITY,domains.list,domains.list,2022-01-15 08:58:27.206165,b8c74ac1b289ceec9cfb194b
cannabispicture.com,AVAILABILITY,domains.list,domains.list,2022-01-15 08:58:27.858977,b8c74ac1b289ceec9cfb194b
centralwestwater.com.au,AVAILABILITY,domains.list,domains.list,2022-01-15 08:58:34.205725,b8c74ac1b289ceec9cfb194b
ceskarepublika.net,AVAILABILITY,domains.list,domains.list,2022-01-15 08:58:34.882742,b8c74ac1b289ceec9cfb194b
chsplantsales.co.uk,AVAILABILITY,domains.list,domains.list,2022-01-15 08:58:35.578567,b8c74ac1b289ceec9cfb194b
ciclismovalenciano.com,AVAILABILITY,domains.list,domains.list,2022-01-15 08:58:35.912053,b8c74ac1b289ceec9cfb194b
citymediamagazin.hu,AVAILABILITY,domains.list,domains.list,2022-01-15 08:58:41.652121,b8c74ac1b289ceec9cfb194b
classicallyabsurdphotography.com,AVAILABILITY,domains.list,domains.list,2022-01-15 08:58:41.999308,b8c74ac1b289ceec9cfb194b
classicspeedway.com,AVAILABILITY,domains.list,domains.list,2022-01-15 08:58:43.951139,b8c74ac1b289ceec9cfb194b
cmicapui.ce.gov.br,AVAILABILITY,domains.list,domains.list,2022-01-15 08:58:51.486631,b8c74ac1b289ceec9cfb194b
coaha.frenchgerlemanelectric.com,AVAILABILITY,domains.list,domains.list,2022-01-15 08:59:02.221829,b8c74ac1b289ceec9cfb194b
coalimpex.com,AVAILABILITY,domains.list,domains.list,2022-01-15 08:59:03.105844,b8c74ac1b289ceec9cfb194b
coffeol.com,AVAILABILITY,domains.list,domains.list,2022-01-15 08:59:04.572882,b8c74ac1b289ceec9cfb194b
concede.fmtlib.net,AVAILABILITY,domains.list,domains.list,2022-01-15 08:59:06.779208,b8c74ac1b289ceec9cfb194b
conds.ru,AVAILABILITY,domains.list,domains.list,2022-01-15 08:59:08.163221,b8c74ac1b289ceec9cfb194b
cope.it,AVAILABILITY,domains.list,domains.list,2022-01-15 08:59:16.025691,b8c74ac1b289ceec9cfb194b
cracks.vg,AVAILABILITY,domains.list,domains.list,2022-01-15 08:59:17.175949,b8c74ac1b289ceec9cfb194b
crackspider.us,AVAILABILITY,domains.list,domains.list,2022-01-15 08:59:23.093856,b8c74ac1b289ceec9cfb194b
crackzone.net,AVAILABILITY,domains.list,domains.list,2022-01-15 08:59:25.397478,b8c74ac1b289ceec9cfb194b
creditbootcamp.com,AVAILABILITY,domains.list,domains.list,2022-01-15 08:59:26.340460,b8c74ac1b289ceec9cfb194b
cswilliamsburg.com,AVAILABILITY,domains.list,domains.list,2022-01-15 08:59:29.222818,b8c74ac1b289ceec9cfb194b
cudacorp.com,AVAILABILITY,domains.list,domains.list,2022-01-15 08:59:30.338371,b8c74ac1b289ceec9cfb194b
customsboysint.com,AVAILABILITY,domains.list,domains.list,2022-01-15 08:59:34.470834,b8c74ac1b289ceec9cfb194b
d1.kuai8.com,AVAILABILITY,domains.list,domains.list,2022-01-15 08:59:37.791240,b8c74ac1b289ceec9cfb194b
d1054130-28095.cp.blacknight.com,AVAILABILITY,domains.list,domains.list,2022-01-15 08:59:38.486257,b8c74ac1b289ceec9cfb194b
d4.cumshots.ws,AVAILABILITY,domains.list,domains.list,2022-01-15 08:59:39.592847,b8c74ac1b289ceec9cfb194b
dancecourt.com,AVAILABILITY,domains.list,domains.list,2022-01-15 08:59:43.733795,b8c74ac1b289ceec9cfb194b
daralasnan.com,AVAILABILITY,domains.list,domains.list,2022-01-15 08:59:44.348301,b8c74ac1b289ceec9cfb194b
dawnframing.com,AVAILABILITY,domains.list,domains.list,2022-01-15 08:59:44.639181,b8c74ac1b289ceec9cfb194b
dcanscapital.co.uk,AVAILABILITY,domains.list,domains.list,2022-01-15 08:59:46.896515,b8c74ac1b289ceec9cfb194b
ddd.gouwuke.cn,AVAILABILITY,domains.list,domains.list,2022-01-15 08:59:48.247990,b8c74ac1b289ceec9cfb194b
decografix.com,AVAILABILITY,domains.list,domains.list,2022-01-15 08:59:50.862026,b8c74ac1b289ceec9cfb194b
decrolyschool.be,AVAILABILITY,domains.list,domains.list,2022-01-15 08:59:53.483848,b8c74ac1b289ceec9cfb194b
deleondeos.com,AVAILABILITY,domains.list,domains.list,2022-01-15 08:59:53.771341,b8c74ac1b289ceec9cfb194b
deletespyware-adware.com,AVAILABILITY,domains.list,domains.list,2022-01-15 08:59:54.043094,b8c74ac1b289ceec9cfb194b
demo.vertexinfo.in,AVAILABILITY,domains.list,domains.list,2022-01-15 08:59:56.432198,b8c74ac1b289ceec9cfb194b
dentairemalin.com,AVAILABILITY,domains.list,domains.list,2022-01-15 08:59:58.876249,b8c74ac1b289ceec9cfb194b
dianepiette.co.uk,AVAILABILITY,domains.list,domains.list,2022-01-15 09:00:05.805916,b8c74ac1b289ceec9cfb194b
diaryofagameaddict.com,AVAILABILITY,domains.list,domains.list,2022-01-15 09:00:06.445167,b8c74ac1b289ceec9cfb194b
dieutribenhkhop.com,AVAILABILITY,domains.list,domains.list,2022-01-15 09:00:09.403848,b8c74ac1b289ceec9cfb194b
dimarsbg.com,AVAILABILITY,domains.list,domains.list,2022-01-15 09:00:11.766675,b8c74ac1b289ceec9cfb194b
dimenal.com.br,AVAILABILITY,domains.list,domains.list,2022-01-15 09:00:15.506145,b8c74ac1b289ceec9cfb194b
dimsnetwork.com,AVAILABILITY,domains.list,domains.list,2022-01-15 09:00:23.820025,b8c74ac1b289ceec9cfb194b
directxex.com,AVAILABILITY,domains.list,domains.list,2022-01-15 09:00:24.768271,b8c74ac1b289ceec9cfb194b
divine.lunarbreeze.com,AVAILABILITY,domains.list,domains.list,2022-01-15 09:00:36.634401,b8c74ac1b289ceec9cfb194b
dl.heima8.com,AVAILABILITY,domains.list,domains.list,2022-01-15 09:00:48.001376,b8c74ac1b289ceec9cfb194b
dl.microsword.net,AVAILABILITY,domains.list,domains.list,2022-01-15 09:00:49.834396,b8c74ac1b289ceec9cfb194b
dofeb.frenchgerlemanelectric.com,AVAILABILITY,domains.list,domains.list,2022-01-15 09:00:55.802062,b8c74ac1b289ceec9cfb194b
doktester.orgfree.com,AVAILABILITY,domains.list,domains.list,2022-01-15 09:01:06.344325,b8c74ac1b289ceec9cfb194b
dougmlee.com,AVAILABILITY,domains.list,domains.list,2022-01-15 09:01:07.738742,b8c74ac1b289ceec9cfb194b
down.feiyang163.com,AVAILABILITY,domains.list,domains.list,2022-01-15 09:01:10.597463,b8c74ac1b289ceec9cfb194b
down.guangsu.cn,AVAILABILITY,domains.list,domains.list,2022-01-15 09:01:12.193508,b8c74ac1b289ceec9cfb194b
down.unadnet.com.cn,AVAILABILITY,domains.list,domains.list,2022-01-15 09:01:14.033803,b8c74ac1b289ceec9cfb194b
down2.feiyang163.com,AVAILABILITY,domains.list,domains.list,2022-01-15 09:01:18.641875,b8c74ac1b289ceec9cfb194b
down3.feiyang163.com,AVAILABILITY,domains.list,domains.list,2022-01-15 09:01:19.796051,b8c74ac1b289ceec9cfb194b
download-archiver.ru,AVAILABILITY,domains.list,domains.list,2022-01-15 09:01:20.067893,b8c74ac1b289ceec9cfb194b
download.56.com,AVAILABILITY,domains.list,domains.list,2022-01-15 09:01:33.783330,b8c74ac1b289ceec9cfb194b
download.grandcloud.cn,AVAILABILITY,domains.list,domains.list,2022-01-15 09:01:44.788143,b8c74ac1b289ceec9cfb194b
download.ttrili.com,AVAILABILITY,domains.list,domains.list,2022-01-15 09:01:46.599037,b8c74ac1b289ceec9cfb194b
download207.mediafire.com,AVAILABILITY,domains.list,domains.list,2022-01-15 09:01:47.524311,b8c74ac1b289ceec9cfb194b
downloads-whatsapp.com,AVAILABILITY,domains.list,domains.list,2022-01-15 09:01:47.899213,b8c74ac1b289ceec9cfb194b
dp-medien.eu,AVAILABILITY,domains.list,domains.list,2022-01-15 09:01:48.573077,b8c74ac1b289ceec9cfb194b
e1r.net,AVAILABILITY,domains.list,domains.list,2022-01-15 09:01:49.750630,b8c74ac1b289ceec9cfb194b
earthcontrolsys.com,AVAILABILITY,domains.list,domains.list,2022-01-15 09:01:52.061038,b8c74ac1b289ceec9cfb194b
edf.fr.kfskz.com,AVAILABILITY,domains.list,domains.list,2022-01-15 09:01:54.986513,b8c74ac1b289ceec9cfb194b
eeps.me,AVAILABILITY,domains.list,domains.list,2022-01-15 09:01:55.497899,b8c74ac1b289ceec9cfb194b
eeroo.frost-electric-supply.com,AVAILABILITY,domains.list,domains.list,2022-01-15 09:01:55.812192,b8c74ac1b289ceec9cfb194b
efugl.iptvdeals.com,AVAILABILITY,domains.list,domains.list,2022-01-15 09:01:56.780593,b8c74ac1b289ceec9cfb194b
elew72isst.rr.nu,AVAILABILITY,domains.list,domains.list,2022-01-15 09:01:57.624789,b8c74ac1b289ceec9cfb194b
eliehabib.com,AVAILABILITY,domains.list,domains.list,2022-01-15 09:01:58.457271,b8c74ac1b289ceec9cfb194b
elmissouri.fr,AVAILABILITY,domains.list,domains.list,2022-01-15 09:01:59.374659,b8c74ac1b289ceec9cfb194b
emits.iptvdeals.com,AVAILABILITY,domains.list,domains.list,2022-01-15 09:02:00.344508,b8c74ac1b289ceec9cfb194b
eroov.iptvdeals.com,AVAILABILITY,domains.list,domains.list,2022-01-15 09:02:06.604844,b8c74ac1b289ceec9cfb194b
esoad.frost-electric-supply.com,AVAILABILITY,domains.list,domains.list,2022-01-15 09:02:07.008588,b8c74ac1b289ceec9cfb194b
estoa.frost-electric-supply.com,AVAILABILITY,domains.list,domains.list,2022-01-15 09:02:07.402811,b8c74ac1b289ceec9cfb194b
eternitymobiles.com,AVAILABILITY,domains.list,domains.list,2022-01-15 09:02:09.193227,b8c74ac1b289ceec9cfb194b
euro-vertrieb.com,AVAILABILITY,domains.list,domains.list,2022-01-15 09:02:09.465101,b8c74ac1b289ceec9cfb194b
ex.technor.com,AVAILABILITY,domains.list,domains.list,2022-01-15 09:02:12.013939,b8c74ac1b289ceec9cfb194b
f.gj555.net,AVAILABILITY,domains.list,domains.list,2022-01-15 09:02:15.311858,b8c74ac1b289ceec9cfb194b
faiyazahmed.com,AVAILABILITY,domains.list,domains.list,2022-01-15 09:02:16.017334,b8c74ac1b289ceec9cfb194b
falconsafe.com.sg,AVAILABILITY,domains.list,domains.list,2022-01-15 09:02:23.227246,b8c74ac1b289ceec9cfb194b
fbku.com,AVAILABILITY,domains.list,domains.list,2022-01-15 09:02:24.430117,b8c74ac1b289ceec9cfb194b
femalewrestlingnow.com,AVAILABILITY,domains.list,domains.list,2022-01-15 09:02:25.068351,b8c74ac1b289ceec9cfb194b
fetishfitnessbabes.com,AVAILABILITY,domains.list,domains.list,2022-01-15 09:02:26.860233,b8c74ac1b289ceec9cfb194b
fetishlocator.com,AVAILABILITY,domains.list,domains.list,2022-01-15 09:02:27.171218,b8c74ac1b289ceec9cfb194b
fgawegwr.chez.com,AVAILABILITY,domains.list,domains.list,2022-01-15 09:02:28.503318,b8c74ac1b289ceec9cfb194b
files.dsnetwb.com,AVAILABILITY,domains.list,domains.list,2022-01-15 09:02:29.091498,b8c74ac1b289ceec9cfb194b
finnhair.co.uk,AVAILABILITY,domains.list,domains.list,2022-01-15 09:02:32.469833,b8c74ac1b289ceec9cfb194b
firehouse651.com,AVAILABILITY,domains.list,domains.list,2022-01-15 09:02:34.884308,b8c74ac1b289ceec9cfb194b
flashsavant.com,AVAILABILITY,domains.list,domains.list,2022-01-15 09:02:35.241243,b8c74ac1b289ceec9cfb194b
fondazioneciampi.org,AVAILABILITY,domains.list,domains.list,2022-01-15 09:02:37.447747,b8c74ac1b289ceec9cfb194b
formessengers.com,AVAILABILITY,domains.list,domains.list,2022-01-15 09:02:37.929704,b8c74ac1b289ceec9cfb194b
fourthgate.org,AVAILABILITY,domains.list,domains.list,2022-01-15 09:02:38.666239,b8c74ac1b289ceec9cfb194b
free-crochet-pattern.com,AVAILABILITY,domains.list,domains.list,2022-01-15 09:02:38.937171,b8c74ac1b289ceec9cfb194b
freefblikes.phpnet.us,AVAILABILITY,domains.list,domains.list,2022-01-15 09:02:45.674120,b8c74ac1b289ceec9cfb194b
freeserials.spb.ru,AVAILABILITY,domains.list,domains.list,2022-01-15 09:02:48.342645,b8c74ac1b289ceec9cfb194b
freeserials.ws,AVAILABILITY,domains.list,domains.list,2022-01-15 09:02:48.779083,b8c74ac1b289ceec9cfb194b
funchill.com,AVAILABILITY,domains.list,domains.list,2022-01-15 09:02:49.530925,b8c74ac1b289ceec9cfb194b
generalchemicalsupply.com,AVAILABILITY,domains.list,domains.list,2022-01-15 09:02:52.171608,b8c74ac1b289ceec9cfb194b
getdatanetukscan.info,AVAILABILITY,domains.list,domains.list,2022-01-15 09:02:53.607982,b8c74ac1b289ceec9cfb194b
go-quicky.com,AVAILABILITY,domains.list,domains.list,2022-01-15 09:02:53.973577,b8c74ac1b289ceec9cfb194b
gogetgorgeous.com,AVAILABILITY,domains.list,domains.list,2022-01-15 09:02:54.348921,b8c74ac1b289ceec9cfb194b
gosciniec-paproc.pl,AVAILABILITY,domains.list,domains.list,2022-01-15 09:02:54.720387,b8c74ac1b289ceec9cfb194b
gravityexp.com,AVAILABILITY,domains.list,domains.list,2022-01-15 09:02:55.396450,b8c74ac1b289ceec9cfb194b
gredinatib.org,AVAILABILITY,domains.list,domains.list,2022-01-15 09:02:56.275024,b8c74ac1b289ceec9cfb194b
grosirkecantikan.com,AVAILABILITY,domains.list,domains.list,2022-01-15 09:02:59.040890,b8c74ac1b289ceec9cfb194b
gulf-industrial.com,AVAILABILITY,domains.list,domains.list,2022-01-15 09:02:59.313379,b8c74ac1b289ceec9cfb194b
guyscards.com,AVAILABILITY,domains.list,domains.list,2022-01-15 09:03:00.119704,b8c74ac1b289ceec9cfb194b
hanulsms.com,AVAILABILITY,domains.list,domains.list,2022-01-15 09:03:01.281261,b8c74ac1b289ceec9cfb194b
hardcorepornparty.com,AVAILABILITY,domains.list,domains.list,2022-01-15 09:03:01.598202,b8c74ac1b289ceec9cfb194b
harshwhispers.com,AVAILABILITY,domains.list,domains.list,2022-01-15 09:03:02.203290,b8c74ac1b289ceec9cfb194b
hinsib.com,AVAILABILITY,domains.list,domains.list,2022-01-15 09:03:04.737085,b8c74ac1b289ceec9cfb194b
hnskorea.co.kr,AVAILABILITY,domains.list,domains.list,2022-01-15 09:03:06.413667,b8c74ac1b289ceec9cfb194b
hoawy.frost-electric-supply.com,AVAILABILITY,domains.list,domains.list,2022-01-15 09:03:06.699568,b8c74ac1b289ceec9cfb194b
hobby-hangar.net,AVAILABILITY,domains.list,domains.list,2022-01-15 09:03:07.065724,b8c74ac1b289ceec9cfb194b
hobbytotaalservice.nl,AVAILABILITY,domains.list,domains.list,2022-01-15 09:03:08.908811,b8c74ac1b289ceec9cfb194b
hoerbird.net,AVAILABILITY,domains.list,domains.list,2022-01-15 09:03:09.946137,b8c74ac1b289ceec9cfb194b
holishit.in,AVAILABILITY,domains.list,domains.list,2022-01-15 09:03:10.326742,b8c74ac1b289ceec9cfb194b
hotfacesitting.com,AVAILABILITY,domains.list,domains.list,2022-01-15 09:03:11.415793,b8c74ac1b289ceec9cfb194b
hotspot.cz,AVAILABILITY,domains.list,domains.list,2022-01-15 09:03:12.403513,b8c74ac1b289ceec9cfb194b
hst-19-33.splius.lt,AVAILABILITY,domains.list,domains.list,2022-01-15 09:03:13.424066,b8c74ac1b289ceec9cfb194b
hujii.qplanner.cf,AVAILABILITY,domains.list,domains.list,2022-01-15 09:03:14.845716,b8c74ac1b289ceec9cfb194b
hy-brasil.mhwang.com,AVAILABILITY,domains.list,domains.list,2022-01-15 09:03:15.694591,b8c74ac1b289ceec9cfb194b
hydraulicpowerpack.com,AVAILABILITY,domains.list,domains.list,2022-01-15 09:03:17.512703,b8c74ac1b289ceec9cfb194b
iamagameaddict.com,AVAILABILITY,domains.list,domains.list,2022-01-15 09:03:18.150368,b8c74ac1b289ceec9cfb194b
igoby.frost-electric-supply.com,AVAILABILITY,domains.list,domains.list,2022-01-15 09:03:18.635399,b8c74ac1b289ceec9cfb194b
images.topguncustomz.com,AVAILABILITY,domains.list,domains.list,2022-01-15 09:03:19.535866,b8c74ac1b289ceec9cfb194b
img001.com,AVAILABILITY,domains.list,domains.list,2022-01-15 09:03:20.192814,b8c74ac1b289ceec9cfb194b
impressoras-cartoes.com.pt,AVAILABILITY,domains.list,domains.list,2022-01-15 09:03:20.558374,b8c74ac1b289ceec9cfb194b
inclusivediversity.co.uk,AVAILABILITY,domains.list,domains.list,2022-01-15 09:03:22.332051,b8c74ac1b289ceec9cfb194b
incoctel.cl,AVAILABILITY,domains.list,domains.list,2022-01-15 09:03:33.959045,b8c74ac1b289ceec9cfb194b
inlinea.co.uk,AVAILABILITY,domains.list,domains.list,2022-01-15 09:03:37.596928,b8c74ac1b289ceec9cfb194b
innatek.com,AVAILABILITY,domains.list,domains.list,2022-01-15 09:03:38.580248,b8c74ac1b289ceec9cfb194b
interactivearea.ru,AVAILABILITY,domains.list,domains.list,2022-01-15 09:03:40.099577,b8c74ac1b289ceec9cfb194b
invention.festinolente.cl,AVAILABILITY,domains.list,domains.list,2022-01-15 09:03:41.752798,b8c74ac1b289ceec9cfb194b
ip-182-50-129-164.ip.secureserver.net,AVAILABILITY,domains.list,domains.list,2022-01-15 09:03:42.037894,b8c74ac1b289ceec9cfb194b
ip-182-50-129-181.ip.secureserver.net,AVAILABILITY,domains.list,domains.list,2022-01-15 09:03:42.325812,b8c74ac1b289ceec9cfb194b
ipl.hk,AVAILABILITY,domains.list,domains.list,2022-01-15 09:03:42.914759,b8c74ac1b289ceec9cfb194b
isonomia.com.ar,AVAILABILITY,domains.list,domains.list,2022-01-15 09:03:46.758703,b8c74ac1b289ceec9cfb194b
ithyk.frenchgerlemanelectric.com,AVAILABILITY,domains.list,domains.list,2022-01-15 09:03:47.545629,b8c74ac1b289ceec9cfb194b
iwgtest.co.uk,AVAILABILITY,domains.list,domains.list,2022-01-15 09:03:54.608693,b8c74ac1b289ceec9cfb194b
ixoox.csheaven.com,AVAILABILITY,domains.list,domains.list,2022-01-15 09:03:55.596701,b8c74ac1b289ceec9cfb194b
iybasketball.info,AVAILABILITY,domains.list,domains.list,2022-01-15 09:03:55.912428,b8c74ac1b289ceec9cfb194b
izzy-cars.nl,AVAILABILITY,domains.list,domains.list,2022-01-15 09:03:56.966189,b8c74ac1b289ceec9cfb194b
japanesevehicles.us,AVAILABILITY,domains.list,domains.list,2022-01-15 09:03:57.441236,b8c74ac1b289ceec9cfb194b
jdfabrication.com,AVAILABILITY,domains.list,domains.list,2022-01-15 09:03:58.032476,b8c74ac1b289ceec9cfb194b
jeansvixens.com,AVAILABILITY,domains.list,domains.list,2022-01-15 09:03:59.819193,b8c74ac1b289ceec9cfb194b
jessisjewels.com,AVAILABILITY,domains.list,domains.list,2022-01-15 09:04:00.962089,b8c74ac1b289ceec9cfb194b
josip-stadler.org,AVAILABILITY,domains.list,domains.list,2022-01-15 09:04:01.232908,b8c74ac1b289ceec9cfb194b
js.tongji.linezing.com,AVAILABILITY,domains.list,domains.list,2022-01-15 09:04:12.416602,b8c74ac1b289ceec9cfb194b
juedische-kammerphilharmonie.de,AVAILABILITY,domains.list,domains.list,2022-01-15 09:04:13.535155,b8c74ac1b289ceec9cfb194b
juicypussyclips.com,AVAILABILITY,domains.list,domains.list,2022-01-15 09:04:17.975451,b8c74ac1b289ceec9cfb194b
k.h.a.d.free.fr,AVAILABILITY,domains.list,domains.list,2022-01-15 09:04:20.473292,b8c74ac1b289ceec9cfb194b
kadirzerey.com,AVAILABILITY,domains.list,domains.list,2022-01-15 09:04:21.226744,b8c74ac1b289ceec9cfb194b
kadman.net,AVAILABILITY,domains.list,domains.list,2022-01-15 09:04:22.764042,b8c74ac1b289ceec9cfb194b
kalantzis.net,AVAILABILITY,domains.list,domains.list,2022-01-15 09:04:23.429252,b8c74ac1b289ceec9cfb194b
kapcotool.com,AVAILABILITY,domains.list,domains.list,2022-01-15 09:04:23.782263,b8c74ac1b289ceec9cfb194b
kassabravo.com,AVAILABILITY,domains.list,domains.list,2022-01-15 09:04:24.474116,b8c74ac1b289ceec9cfb194b
kids-fashion.dk,AVAILABILITY,domains.list,domains.list,2022-01-15 09:04:25.045268,b8c74ac1b289ceec9cfb194b
kipasdenim.com,AVAILABILITY,domains.list,domains.list,2022-01-15 09:04:51.021265,b8c74ac1b289ceec9cfb194b
kollagen4you.se,AVAILABILITY,domains.list,domains.list,2022-01-15 09:04:52.351813,b8c74ac1b289ceec9cfb194b
kulro.csheaven.com,AVAILABILITY,domains.list,domains.list,2022-01-15 09:04:53.735827,b8c74ac1b289ceec9cfb194b
kyrsu.frost-electric-supply.com,AVAILABILITY,domains.list,domains.list,2022-01-15 09:04:54.021343,b8c74ac1b289ceec9cfb194b
landisbaptist.com,AVAILABILITY,domains.list,domains.list,2022-01-15 09:04:54.655522,b8c74ac1b289ceec9cfb194b
lcbcad.co.uk,AVAILABILITY,domains.list,domains.list,2022-01-15 09:04:55.312239,b8c74ac1b289ceec9cfb194b
lefos.net,AVAILABILITY,domains.list,domains.list,2022-01-15 09:04:56.581659,b8c74ac1b289ceec9cfb194b
legendsdtv.com,AVAILABILITY,domains.list,domains.list,2022-01-15 09:04:58.426582,b8c74ac1b289ceec9cfb194b
lexu.goggendorf.at,AVAILABILITY,domains.list,domains.list,2022-01-15 09:05:00.686151,b8c74ac1b289ceec9cfb194b
loft2126.dedicatedpanel.com,AVAILABILITY,domains.list,domains.list,2022-01-15 09:05:01.804063,b8c74ac1b289ceec9cfb194b
luchtenbergdecor.com.br,AVAILABILITY,domains.list,domains.list,2022-01-15 09:05:02.303824,b8c74ac1b289ceec9cfb194b
luckyblank.info,AVAILABILITY,domains.list,domains.list,2022-01-15 09:05:04.190477,b8c74ac1b289ceec9cfb194b
luckyclean.info,AVAILABILITY,domains.list,domains.list,2022-01-15 09:05:05.613282,b8c74ac1b289ceec9cfb194b
luckyclear.info,AVAILABILITY,domains.list,domains.list,2022-01-15 09:05:05.901951,b8c74ac1b289ceec9cfb194b
luckyeffect.info,AVAILABILITY,domains.list,domains.list,2022-01-15 09:05:06.241876,b8c74ac1b289ceec9cfb194b
luckyhalo.info,AVAILABILITY,domains.list,domains.list,2022-01-15 09:05:07.979185,b8c74ac1b289ceec9cfb194b
luckypure.info,AVAILABILITY,domains.list,domains.list,2022-01-15 09:05:08.631404,b8c74ac1b289ceec9cfb194b
luckyshine.info,AVAILABILITY,domains.list,domains.list,2022-01-15 09:05:11.813642,b8c74ac1b289ceec9cfb194b
luckysuccess.info,AVAILABILITY,domains.list,domains.list,2022-01-15 09:05:12.769419,b8c74ac1b289ceec9cfb194b
luckysure.info,AVAILABILITY,domains.list,domains.list,2022-01-15 09:05:13.083431,b8c74ac1b289ceec9cfb194b
luckytidy.info,AVAILABILITY,domains.list,domains.list,2022-01-15 09:05:17.190241,b8c74ac1b289ceec9cfb194b
lunaticjazz.com,AVAILABILITY,domains.list,domains.list,2022-01-15 09:05:18.147672,b8c74ac1b289ceec9cfb194b
mahindrainsurance.com,AVAILABILITY,domains.list,domains.list,2022-01-15 09:05:21.596894,b8c74ac1b289ceec9cfb194b
mailboto.com,AVAILABILITY,domains.list,domains.list,2022-01-15 09:05:21.992805,b8c74ac1b289ceec9cfb194b
malest.com,AVAILABILITY,domains.list,domains.list,2022-01-15 09:05:22.687458,b8c74ac1b289ceec9cfb194b
manoske.com,AVAILABILITY,domains.list,domains.list,2022-01-15 09:05:33.053326,b8c74ac1b289ceec9cfb194b
marchen-toy.co.jp,AVAILABILITY,domains.list,domains.list,2022-01-15 09:05:34.540465,b8c74ac1b289ceec9cfb194b
marx-brothers.mhwang.com,AVAILABILITY,domains.list,domains.list,2022-01-15 09:05:35.448646,b8c74ac1b289ceec9cfb194b
mathenea.com,AVAILABILITY,domains.list,domains.list,2022-01-15 09:05:36.571923,b8c74ac1b289ceec9cfb194b
maxisoft.co.uk,AVAILABILITY,domains.list,domains.list,2022-01-15 09:05:36.888800,b8c74ac1b289ceec9cfb194b
mediatrade.h19.ru,AVAILABILITY,domains.list,domains.list,2022-01-15 09:05:39.939578,b8c74ac1b289ceec9cfb194b
merrymilkfoods.com,AVAILABILITY,domains.list,domains.list,2022-01-15 09:05:40.364615,b8c74ac1b289ceec9cfb194b
metrocuadro.com.ve,AVAILABILITY,domains.list,domains.list,2022-01-15 09:05:41.496190,b8c74ac1b289ceec9cfb194b
mgfd1b.petrix.net,AVAILABILITY,domains.list,domains.list,2022-01-15 09:05:41.846596,b8c74ac1b289ceec9cfb194b
milleniumpapelaria.com.br,AVAILABILITY,domains.list,domains.list,2022-01-15 09:05:43.454453,b8c74ac1b289ceec9cfb194b
ministerio-publi.info,AVAILABILITY,domains.list,domains.list,2022-01-15 09:05:43.824806,b8c74ac1b289ceec9cfb194b
miracema.rj.gov.br,AVAILABILITY,domains.list,domains.list,2022-01-15 09:05:52.003440,b8c74ac1b289ceec9cfb194b
mirandolasrl.it,AVAILABILITY,domains.list,domains.list,2022-01-15 09:05:57.409976,b8c74ac1b289ceec9cfb194b
mmile.com,AVAILABILITY,domains.list,domains.list,2022-01-15 09:05:58.170699,b8c74ac1b289ceec9cfb194b
mobatory.com,AVAILABILITY,domains.list,domains.list,2022-01-15 09:05:58.497366,b8c74ac1b289ceec9cfb194b
mobile.bitterstrawberry.org,AVAILABILITY,domains.list,domains.list,2022-01-15 09:05:59.252109,b8c74ac1b289ceec9cfb194b
mocka.frost-electric-supply.com,AVAILABILITY,domains.list,domains.list,2022-01-15 09:05:59.552190,b8c74ac1b289ceec9cfb194b
monarchslo.com,AVAILABILITY,domains.list,domains.list,2022-01-15 09:05:59.975543,b8c74ac1b289ceec9cfb194b
montezuma.spb.ru,AVAILABILITY,domains.list,domains.list,2022-01-15 09:06:05.711615,b8c74ac1b289ceec9cfb194b
morenews3.net,AVAILABILITY,domains.list,domains.list,2022-01-15 09:06:06.500296,b8c74ac1b289ceec9cfb194b
ms11.net,AVAILABILITY,domains.list,domains.list,2022-01-15 09:06:07.193636,b8c74ac1b289ceec9cfb194b
mtldesigns.ca,AVAILABILITY,domains.list,domains.list,2022-01-15 09:06:07.794370,b8c74ac1b289ceec9cfb194b
mueller-holz-bau.com,AVAILABILITY,domains.list,domains.list,2022-01-15 09:06:08.068203,b8c74ac1b289ceec9cfb194b
murbil.hostei.com,AVAILABILITY,domains.list,domains.list,2022-01-15 09:06:09.285750,b8c74ac1b289ceec9cfb194b
mylabsrl.com,AVAILABILITY,domains.list,domains.list,2022-01-15 09:06:10.315925,b8c74ac1b289ceec9cfb194b
myshopmarketim.com,AVAILABILITY,domains.list,domains.list,2022-01-15 09:06:13.158653,b8c74ac1b289ceec9cfb194b
nadegda-95.ru,AVAILABILITY,domains.list,domains.list,2022-01-15 09:06:13.634482,b8c74ac1b289ceec9cfb194b
nailbytes1.com,AVAILABILITY,domains.list,domains.list,2022-01-15 09:06:14.186166,b8c74ac1b289ceec9cfb194b
narrow.azenergyforum.com,AVAILABILITY,domains.list,domains.list,2022-01-15 09:06:14.824903,b8c74ac1b289ceec9cfb194b
natural.buckeyeenergyforum.com,AVAILABILITY,domains.list,domains.list,2022-01-15 09:06:15.405849,b8c74ac1b289ceec9cfb194b
networkmedical.com.hk,AVAILABILITY,domains.list,domains.list,2022-01-15 09:06:26.903034,b8c74ac1b289ceec9cfb194b
neumashop.cl,AVAILABILITY,domains.list,domains.list,2022-01-15 09:06:28.062007,b8c74ac1b289ceec9cfb194b
nevergreen.net,AVAILABILITY,domains.list,domains.list,2022-01-15 09:06:28.572743,b8c74ac1b289ceec9cfb194b
njtgsd.attackthethrone.com,AVAILABILITY,domains.list,domains.list,2022-01-15 09:06:29.784623,b8c74ac1b289ceec9cfb194b
nmsbaseball.com,AVAILABILITY,domains.list,domains.list,2022-01-15 09:06:30.505118,b8c74ac1b289ceec9cfb194b
nobodyspeakstruth.narod.ru,AVAILABILITY,domains.list,domains.list,2022-01-15 09:06:32.421175,b8c74ac1b289ceec9cfb194b
nonsi.csheaven.com,AVAILABILITY,domains.list,domains.list,2022-01-15 09:06:36.863092,b8c74ac1b289ceec9cfb194b
noobgirls.com,AVAILABILITY,domains.list,domains.list,2022-01-15 09:06:37.487800,b8c74ac1b289ceec9cfb194b
nordiccountry.cz,AVAILABILITY,domains.list,domains.list,2022-01-15 09:06:38.671648,b8c74ac1b289ceec9cfb194b
nortonfire.co.uk,AVAILABILITY,domains.list,domains.list,2022-01-15 09:06:40.153560,b8c74ac1b289ceec9cfb194b
notebookservisru.161.com1.ru,AVAILABILITY,domains.list,domains.list,2022-01-15 09:06:51.516181,b8c74ac1b289ceec9cfb194b
noveslovo.com,AVAILABILITY,domains.list,domains.list,2022-01-15 09:06:52.608270,b8c74ac1b289ceec9cfb194b
nowina.info,AVAILABILITY,domains.list,domains.list,2022-01-15 09:06:53.757970,b8c74ac1b289ceec9cfb194b
ns1.the-sinner.net,AVAILABILITY,domains.list,domains.list,2022-01-15 09:06:54.542723,b8c74ac1b289ceec9cfb194b
nt-associates.com,AVAILABILITY,domains.list,domains.list,2022-01-15 09:06:54.919294,b8c74ac1b289ceec9cfb194b
nudebeachgalleries.net,AVAILABILITY,domains.list,domains.list,2022-01-15 09:06:55.532633,b8c74ac1b289ceec9cfb194b
nuptialimages.com,AVAILABILITY,domains.list,domains.list,2022-01-15 09:06:55.939841,b8c74ac1b289ceec9cfb194b
nutnet.ir,AVAILABILITY,domains.list,domains.list,2022-01-15 09:06:56.517555,b8c74ac1b289ceec9cfb194b
oampa.csheaven.com,AVAILABILITY,domains.list,domains.list,2022-01-15 09:06:57.440565,b8c74ac1b289ceec9cfb194b
oawoo.frenchgerlemanelectric.com,AVAILABILITY,domains.list,domains.list,2022-01-15 09:06:58.247557,b8c74ac1b289ceec9cfb194b
obada-konstruktiwa.org,AVAILABILITY,domains.list,domains.list,2022-01-15 09:06:58.522563,b8c74ac1b289ceec9cfb194b
obkom.net.ua,AVAILABILITY,domains.list,domains.list,2022-01-15 09:07:00.098010,b8c74ac1b289ceec9cfb194b
ocick.frost-electric-supply.com,AVAILABILITY,domains.list,domains.list,2022-01-15 09:07:00.391696,b8c74ac1b289ceec9cfb194b
ocpersian.com,AVAILABILITY,domains.list,domains.list,2022-01-15 09:07:00.834103,b8c74ac1b289ceec9cfb194b
officeon.ch.ma,AVAILABILITY,domains.list,domains.list,2022-01-15 09:07:03.521227,b8c74ac1b289ceec9cfb194b
okeanbg.com,AVAILABILITY,domains.list,domains.list,2022-01-15 09:07:03.908195,b8c74ac1b289ceec9cfb194b
oknarai.ru,AVAILABILITY,domains.list,domains.list,2022-01-15 09:07:05.377951,b8c74ac1b289ceec9cfb194b
omrdatacapture.com,AVAILABILITY,domains.list,domains.list,2022-01-15 09:07:06.655251,b8c74ac1b289ceec9cfb194b
onrio.com.br,AVAILABILITY,domains.list,domains.list,2022-01-15 09:07:07.534921,b8c74ac1b289ceec9cfb194b
ooksu.frost-electric-supply.com,AVAILABILITY,domains.list,domains.list,2022-01-15 09:07:08.019081,b8c74ac1b289ceec9cfb194b
oolsi.frost-electric-supply.com,AVAILABILITY,domains.list,domains.list,2022-01-15 09:07:08.306809,b8c74ac1b289ceec9cfb194b
oowhe.frost-electric-supply.com,AVAILABILITY,domains.list,domains.list,2022-01-15 09:07:08.700972,b8c74ac1b289ceec9cfb194b
oprahsearch.com,AVAILABILITY,domains.list,domains.list,2022-01-15 09:07:09.603575,b8c74ac1b289ceec9cfb194b
optiker-michelmann.de,AVAILABILITY,domains.list,domains.list,2022-01-15 09:07:10.416348,b8c74ac1b289ceec9cfb194b
optimization-methods.com,AVAILABILITY,domains.list,domains.list,2022-01-15 09:07:10.792273,b8c74ac1b289ceec9cfb194b
orbowlada.strefa.pl,AVAILABILITY,domains.list,domains.list,2022-01-15 09:07:14.004221,b8c74ac1b289ceec9cfb194b
oshoa.iptvdeals.com,AVAILABILITY,domains.list,domains.list,2022-01-15 09:07:15.072195,b8c74ac1b289ceec9cfb194b
oshoo.iptvdeals.com,AVAILABILITY,domains.list,domains.list,2022-01-15 09:07:15.827625,b8c74ac1b289ceec9cfb194b
otylkaaotesanek.cz,AVAILABILITY,domains.list,domains.list,2022-01-15 09:07:16.237312,b8c74ac1b289ceec9cfb194b
outporn.com,AVAILABILITY,domains.list,domains.list,2022-01-15 09:07:16.869741,b8c74ac1b289ceec9cfb194b
paraskov.com,AVAILABILITY,domains.list,domains.list,2022-01-15 09:07:17.664659,b8c74ac1b289ceec9cfb194b
patrickhickey.eu,AVAILABILITY,domains.list,domains.list,2022-01-15 09:07:18.599162,b8c74ac1b289ceec9cfb194b
pave.elisecries.com,AVAILABILITY,domains.list,domains.list,2022-01-15 09:07:19.045988,b8c74ac1b289ceec9cfb194b
pension-helene.cz,AVAILABILITY,domains.list,domains.list,2022-01-15 09:07:19.517386,b8c74ac1b289ceec9cfb194b
pgalvaoteles.pt,AVAILABILITY,domains.list,domains.list,2022-01-15 09:07:23.818169,b8c74ac1b289ceec9cfb194b
pharmadeal.gr,AVAILABILITY,domains.list,domains.list,2022-01-15 09:07:25.385996,b8c74ac1b289ceec9cfb194b
phitenmy.com,AVAILABILITY,domains.list,domains.list,2022-01-15 09:07:29.113821,b8c74ac1b289ceec9cfb194b
photoscape.ch,AVAILABILITY,domains.list,domains.list,2022-01-15 09:07:30.516860,b8c74ac1b289ceec9cfb194b
pigra.csheaven.com,AVAILABILITY,domains.list,domains.list,2022-01-15 09:07:31.359258,b8c74ac1b289ceec9cfb194b
pix360.co.nf,AVAILABILITY,domains.list,domains.list,2022-01-15 09:07:32.148517,b8c74ac1b289ceec9cfb194b
plengeh.wen.ru,AVAILABILITY,domains.list,domains.list,2022-01-15 09:07:34.293129,b8c74ac1b289ceec9cfb194b
podzemi.myotis.info,AVAILABILITY,domains.list,domains.list,2022-01-15 09:07:36.422624,b8c74ac1b289ceec9cfb194b
pokachi.net,AVAILABILITY,domains.list,domains.list,2022-01-15 09:07:37.729400,b8c74ac1b289ceec9cfb194b
port.bg,AVAILABILITY,domains.list,domains.list,2022-01-15 09:07:40.531862,b8c74ac1b289ceec9cfb194b
portablevaporizer.com,AVAILABILITY,domains.list,domains.list,2022-01-15 09:07:41.337944,b8c74ac1b289ceec9cfb194b
portalfiremasters.com.br,AVAILABILITY,domains.list,domains.list,2022-01-15 09:07:41.768347,b8c74ac1b289ceec9cfb194b
portraitphotographygroup.com,AVAILABILITY,domains.list,domains.list,2022-01-15 09:07:42.768362,b8c74ac1b289ceec9cfb194b
pos-kupang.com,AVAILABILITY,domains.list,domains.list,2022-01-15 09:07:43.042277,b8c74ac1b289ceec9cfb194b
potvaporizer.com,AVAILABILITY,domains.list,domains.list,2022-01-15 09:07:45.276314,b8c74ac1b289ceec9cfb194b
powershopnet.net,AVAILABILITY,domains.list,domains.list,2022-01-15 09:07:45.569779,b8c74ac1b289ceec9cfb194b
pradakomechanicals.com,AVAILABILITY,domains.list,domains.list,2022-01-15 09:07:57.009071,b8c74ac1b289ceec9cfb194b
pride-u-bike.com,AVAILABILITY,domains.list,domains.list,2022-01-15 09:07:57.383520,b8c74ac1b289ceec9cfb194b
privatkunden.datapipe9271.com,AVAILABILITY,domains.list,domains.list,2022-01-15 09:07:58.815188,b8c74ac1b289ceec9cfb194b
progettocrea.org,AVAILABILITY,domains.list,domains.list,2022-01-15 09:08:05.863093,b8c74ac1b289ceec9cfb194b
prorodeosportmed.com,AVAILABILITY,domains.list,domains.list,2022-01-15 09:08:09.375037,b8c74ac1b289ceec9cfb194b
ptewh.iptvdeals.com,AVAILABILITY,domains.list,domains.list,2022-01-15 09:08:10.298655,b8c74ac1b289ceec9cfb194b
ptush.iptvdeals.com,AVAILABILITY,domains.list,domains.list,2022-01-15 09:08:11.429909,b8c74ac1b289ceec9cfb194b
puenteaereo.info,AVAILABILITY,domains.list,domains.list,2022-01-15 09:08:12.228233,b8c74ac1b289ceec9cfb194b
purethc.com,AVAILABILITY,domains.list,domains.list,2022-01-15 09:08:15.035408,b8c74ac1b289ceec9cfb194b
pwvita.pl,AVAILABILITY,domains.list,domains.list,2022-01-15 09:08:17.440615,b8c74ac1b289ceec9cfb194b
quotidiennokoue.com,AVAILABILITY,domains.list,domains.list,2022-01-15 09:08:19.828793,b8c74ac1b289ceec9cfb194b
rallyeair.com,AVAILABILITY,domains.list,domains.list,2022-01-15 09:08:20.650817,b8c74ac1b289ceec9cfb194b
rat-on-subway.mhwang.com,AVAILABILITY,domains.list,domains.list,2022-01-15 09:08:21.387526,b8c74ac1b289ceec9cfb194b
reclamus.com,AVAILABILITY,domains.list,domains.list,2022-01-15 09:08:21.812060,b8c74ac1b289ceec9cfb194b
reishus.de,AVAILABILITY,domains.list,domains.list,2022-01-15 09:08:26.621795,b8c74ac1b289ceec9cfb194b
rentfromart.com,AVAILABILITY,domains.list,domains.list,2022-01-15 09:08:28.613533,b8c74ac1b289ceec9cfb194b
resolvethem.com,AVAILABILITY,domains.list,domains.list,2022-01-15 09:08:29.287438,b8c74ac1b289ceec9cfb194b
revistaelite.com,AVAILABILITY,domains.list,domains.list,2022-01-15 09:08:29.793839,b8c74ac1b289ceec9cfb194b
rocksresort.com.au,AVAILABILITY,domains.list,domains.list,2022-01-15 09:08:34.836843,b8c74ac1b289ceec9cfb194b
roks.ua,AVAILABILITY,domains.list,domains.list,2022-01-15 09:08:38.902428,b8c74ac1b289ceec9cfb194b
rolemodelstreetteam.invasioncrew.com,AVAILABILITY,domains.list,domains.list,2022-01-15 09:08:39.718082,b8c74ac1b289ceec9cfb194b
roorbong.com,AVAILABILITY,domains.list,domains.list,2022-01-15 09:08:40.704979,b8c74ac1b289ceec9cfb194b
rsiuk.co.uk,AVAILABILITY,domains.list,domains.list,2022-01-15 09:08:42.137855,b8c74ac1b289ceec9cfb194b
rubiks.ca,AVAILABILITY,domains.list,domains.list,2022-01-15 09:08:46.020390,b8c74ac1b289ceec9cfb194b
ruiyangcn.com,AVAILABILITY,domains.list,domains.list,2022-01-15 09:08:47.070085,b8c74ac1b289ceec9cfb194b
rumog.frost-electric-supply.com,AVAILABILITY,domains.list,domains.list,2022-01-15 09:08:47.358265,b8c74ac1b289ceec9cfb194b
rupor.info,AVAILABILITY,domains.list,domains.list,2022-01-15 09:08:49.419243,b8c74ac1b289ceec9cfb194b
sadiqtv.com,AVAILABILITY,domains.list,domains.list,2022-01-15 09:08:50.974756,b8c74ac1b289ceec9cfb194b
saemark.is,AVAILABILITY,domains.list,domains.list,2022-01-15 09:08:51.715031,b8c74ac1b289ceec9cfb194b
salon77.co.uk,AVAILABILITY,domains.list,domains.list,2022-01-15 09:08:52.782128,b8c74ac1b289ceec9cfb194b
santacruzsuspension.com,AVAILABILITY,domains.list,domains.list,2022-01-15 09:08:53.465319,b8c74ac1b289ceec9cfb194b
sarahdaniella.com,AVAILABILITY,domains.list,domains.list,2022-01-15 09:08:53.895329,b8c74ac1b289ceec9cfb194b
sasson-cpa.co.il,AVAILABILITY,domains.list,domains.list,2022-01-15 09:08:54.170242,b8c74ac1b289ceec9cfb194b
securitywebservices.com,AVAILABILITY,domains.list,domains.list,2022-01-15 09:08:55.377847,b8c74ac1b289ceec9cfb194b
semengineers.com,AVAILABILITY,domains.list,domains.list,2022-01-15 09:08:56.100252,b8c74ac1b289ceec9cfb194b
semiyun.com,AVAILABILITY,domains.list,domains.list,2022-01-15 09:09:00.145981,b8c74ac1b289ceec9cfb194b
sentrol.cl,AVAILABILITY,domains.list,domains.list,2022-01-15 09:09:11.859214,b8c74ac1b289ceec9cfb194b
seoholding.com,AVAILABILITY,domains.list,domains.list,2022-01-15 09:09:12.538831,b8c74ac1b289ceec9cfb194b
seonetwizard.com,AVAILABILITY,domains.list,domains.list,2022-01-15 09:09:13.219076,b8c74ac1b289ceec9cfb194b
server1.extra-web.cz,AVAILABILITY,domains.list,domains.list,2022-01-15 09:09:13.984309,b8c74ac1b289ceec9cfb194b
sexyoilwrestling.com,AVAILABILITY,domains.list,domains.list,2022-01-15 09:09:15.133265,b8c74ac1b289ceec9cfb194b
sgs.us.com,AVAILABILITY,domains.list,domains.list,2022-01-15 09:09:17.117929,b8c74ac1b289ceec9cfb194b
shovi.frost-electric-supply.com,AVAILABILITY,domains.list,domains.list,2022-01-15 09:09:17.508017,b8c74ac1b289ceec9cfb194b
silurian.cn,AVAILABILITY,domains.list,domains.list,2022-01-15 09:09:18.484744,b8c74ac1b289ceec9cfb194b
skgroup.kiev.ua,AVAILABILITY,domains.list,domains.list,2022-01-15 09:09:20.713188,b8c74ac1b289ceec9cfb194b
skidki-yuga.ru,AVAILABILITY,domains.list,domains.list,2022-01-15 09:09:20.988218,b8c74ac1b289ceec9cfb194b
slightlyoffcenter.net,AVAILABILITY,domains.list,domains.list,2022-01-15 09:09:21.701996,b8c74ac1b289ceec9cfb194b
slimxxxtubeacn.dnset.com,AVAILABILITY,domains.list,domains.list,2022-01-15 09:09:22.245876,b8c74ac1b289ceec9cfb194b
slimxxxtubealn.ddns.name,AVAILABILITY,domains.list,domains.list,2022-01-15 09:09:32.942347,b8c74ac1b289ceec9cfb194b
slimxxxtubeanr.ddns.name,AVAILABILITY,domains.list,domains.list,2022-01-15 09:09:43.850639,b8c74ac1b289ceec9cfb194b
slimxxxtubeaxy.ddns.name,AVAILABILITY,domains.list,domains.list,2022-01-15 09:09:54.644126,b8c74ac1b289ceec9cfb194b
slimxxxtubeayv.ddns.name,AVAILABILITY,domains.list,domains.list,2022-01-15 09:10:05.289853,b8c74ac1b289ceec9cfb194b
slimxxxtubebej.dnset.com,AVAILABILITY,domains.list,domains.list,2022-01-15 09:10:05.792787,b8c74ac1b289ceec9cfb194b
slimxxxtubebgp.ddns.name,AVAILABILITY,domains.list,domains.list,2022-01-15 09:10:16.662732,b8c74ac1b289ceec9cfb194b
slimxxxtubebmq.dnset.com,AVAILABILITY,domains.list,domains.list,2022-01-15 09:10:17.346060,b8c74ac1b289ceec9cfb194b
slimxxxtubebnd.ddns.name,AVAILABILITY,domains.list,domains.list,2022-01-15 09:10:28.241193,b8c74ac1b289ceec9cfb194b
slimxxxtubecgl.ddns.name,AVAILABILITY,domains.list,domains.list,2022-01-15 09:10:38.988679,b8c74ac1b289ceec9cfb194b
slimxxxtubectk.dnset.com,AVAILABILITY,domains.list,domains.list,2022-01-15 09:10:39.467125,b8c74ac1b289ceec9cfb194b
slimxxxtubecty.ddns.name,AVAILABILITY,domains.list,domains.list,2022-01-15 09:10:50.278923,b8c74ac1b289ceec9cfb194b
slimxxxtubeczp.ddns.name,AVAILABILITY,domains.list,domains.list,2022-01-15 09:11:01.145820,b8c74ac1b289ceec9cfb194b
slimxxxtubedgv.dnset.com,AVAILABILITY,domains.list,domains.list,2022-01-15 09:11:01.568772,b8c74ac1b289ceec9cfb194b
slimxxxtubedjm.ddns.name,AVAILABILITY,domains.list,domains.list,2022-01-15 09:11:12.402813,b8c74ac1b289ceec9cfb194b
slimxxxtubedlb.ddns.name,AVAILABILITY,domains.list,domains.list,2022-01-15 09:11:23.227213,b8c74ac1b289ceec9cfb194b
