idna_subject,checker_type,destination,tested_at
www.vertourmer.com,AVAILABILITY,domains.list,2021-11-27 03:44:51.762639
amazon-sicherheit.kunden-ueberpruefung.xyz,AVAILABILITY,domains.list,2021-11-27 03:44:52.563929
slimxxxtubebmq.dnset.com,AVAILABILITY,domains.list,2021-11-27 03:44:53.364541
slimxxxtubedgv.dnset.com,AVAILABILITY,domains.list,2021-11-27 03:44:54.426080
slimxxxtubeijc.dnset.com,AVAILABILITY,domains.list,2021-11-27 03:44:55.257918
slimxxxtubeiqb.dnset.com,AVAILABILITY,domains.list,2021-11-27 03:44:56.135499
slimxxxtubeocr.dnset.com,AVAILABILITY,domains.list,2021-11-27 03:44:57.107024
slimxxxtubeonf.dnset.com,AVAILABILITY,domains.list,2021-11-27 03:44:58.009426
slimxxxtuberfe.dnset.com,AVAILABILITY,domains.list,2021-11-27 03:44:58.934070
slimxxxtuberme.dnset.com,AVAILABILITY,domains.list,2021-11-27 03:44:59.799344
slimxxxtuberue.dnset.com,AVAILABILITY,domains.list,2021-11-27 03:45:00.802325
slimxxxtubewmt.dnset.com,AVAILABILITY,domains.list,2021-11-27 03:45:01.779758
slimxxxtubexiv.dnset.com,AVAILABILITY,domains.list,2021-11-27 03:45:03.021945
tube8vidsbzx.dnset.com,AVAILABILITY,domains.list,2021-11-27 03:45:03.951137
tube8vidslni.dnset.com,AVAILABILITY,domains.list,2021-11-27 03:45:04.882432
tube8vidsowd.dnset.com,AVAILABILITY,domains.list,2021-11-27 03:45:06.096980
tube8vidsrau.dnset.com,AVAILABILITY,domains.list,2021-11-27 03:45:07.171715
slimxxxtubedvj.dnset.com,AVAILABILITY,domains.list,2021-11-27 03:45:08.117920
slimxxxtubeftb.dnset.com,AVAILABILITY,domains.list,2021-11-27 03:45:09.036187
slimxxxtubeqwr.dnset.com,AVAILABILITY,domains.list,2021-11-27 03:45:09.895212
tube8vidsbhy.dnset.com,AVAILABILITY,domains.list,2021-11-27 03:45:10.928904
tube8vidsdob.dnset.com,AVAILABILITY,domains.list,2021-11-27 03:45:11.843576
tube8vidssan.dnset.com,AVAILABILITY,domains.list,2021-11-27 03:45:12.691918
tube8vidssyg.dnset.com,AVAILABILITY,domains.list,2021-11-27 03:45:13.610693
tube8vidsxmx.dnset.com,AVAILABILITY,domains.list,2021-11-27 03:45:14.548526
asham.tourstogo.us,AVAILABILITY,domains.list,2021-11-27 03:45:15.351444
gurde.tourstogo.us,AVAILABILITY,domains.list,2021-11-27 03:45:16.146031
igagh.tourstogo.us,AVAILABILITY,domains.list,2021-11-27 03:45:17.010543
nefib.tourstogo.us,AVAILABILITY,domains.list,2021-11-27 03:45:17.843998
oakso.tourstogo.us,AVAILABILITY,domains.list,2021-11-27 03:45:18.754833
oapsa.tourstogo.us,AVAILABILITY,domains.list,2021-11-27 03:45:19.588492
psooz.tourstogo.us,AVAILABILITY,domains.list,2021-11-27 03:45:20.453983
simpi.tourstogo.us,AVAILABILITY,domains.list,2021-11-27 03:45:21.331765
ubike.tourstogo.us,AVAILABILITY,domains.list,2021-11-27 03:45:22.252410
ukugl.tourstogo.us,AVAILABILITY,domains.list,2021-11-27 03:45:23.104670
veevu.tourstogo.us,AVAILABILITY,domains.list,2021-11-27 03:45:23.896794
wetyt.tourstogo.us,AVAILABILITY,domains.list,2021-11-27 03:45:24.709950
pogruz.wanyizhao.net,AVAILABILITY,domains.list,2021-11-27 03:45:25.504242
wuvac.agwebdigital.com,AVAILABILITY,domains.list,2021-11-27 03:45:26.295376
www.arkinsoftware.in,AVAILABILITY,domains.list,2021-11-27 03:45:27.108956
blacknite.eu,AVAILABILITY,domains.list,2021-11-27 03:45:27.896250
www.hjaoopoa.top,AVAILABILITY,domains.list,2021-11-27 03:45:28.994429
www.strangeduckfilms.com,AVAILABILITY,domains.list,2021-11-27 03:45:29.829430
3difx.com,AVAILABILITY,domains.list,2021-11-27 03:45:30.700249
50efa6486f1ef.skydivesolutions.be,AVAILABILITY,domains.list,2021-11-27 03:45:31.666254
ab.usageload32.com,AVAILABILITY,domains.list,2021-11-27 03:45:32.498833
above.e-rezerwacje24.pl,AVAILABILITY,domains.list,2021-11-27 03:45:33.346874
ad-beast.com,AVAILABILITY,domains.list,2021-11-27 03:45:34.121445
1866809.securefastserver.com,AVAILABILITY,domains.list,2021-11-27 03:45:40.377093
adgallery.whitehousedrugpolicy.gov,AVAILABILITY,domains.list,2021-11-27 03:45:41.238536
ads.wikipartes.com,AVAILABILITY,domains.list,2021-11-27 03:45:42.228664
aippnetworks.com,AVAILABILITY,domains.list,2021-11-27 03:45:43.054165
airbornehydrography.com,AVAILABILITY,domains.list,2021-11-27 03:45:43.863471
aircraft.evote.cl,AVAILABILITY,domains.list,2021-11-27 03:45:44.706343
alexanderinteriorsanddesign.com,AVAILABILITY,domains.list,2021-11-27 03:45:45.512840
amu.adduraddonhere.info,AVAILABILITY,domains.list,2021-11-27 03:45:46.389629
alexandria90.etcserver.com,AVAILABILITY,domains.list,2021-11-27 03:45:47.298225
amu.boxinstallercompany.info,AVAILABILITY,domains.list,2021-11-27 03:45:48.128145
amu.brandnewinstall.info,AVAILABILITY,domains.list,2021-11-27 03:45:49.014299
amu.helpyourselfinstall.info,AVAILABILITY,domains.list,2021-11-27 03:45:49.888611
amu.twobox4addon.info,AVAILABILITY,domains.list,2021-11-27 03:45:50.777200
anshrit.com,AVAILABILITY,domains.list,2021-11-27 03:45:51.669887
anticarredodolomiti.com,AVAILABILITY,domains.list,2021-11-27 03:45:52.479417
areadiprova.eu,AVAILABILITY,domains.list,2021-11-27 03:45:53.348603
109-204-26-16.netconnexion.managedbroadband.co.uk,AVAILABILITY,domains.list,2021-11-27 03:45:54.190105
associatesexports.com,AVAILABILITY,domains.list,2021-11-27 03:45:55.011390
atyss.barginginfrance.net,AVAILABILITY,domains.list,2021-11-27 03:45:55.841781
betterhomeandgardenideas.com,AVAILABILITY,domains.list,2021-11-27 03:45:56.662553
assculturaleincontri.it,AVAILABILITY,domains.list,2021-11-27 03:45:57.796378
bluecutsystem.com,AVAILABILITY,domains.list,2021-11-27 03:45:58.634869
blueimagen.com,AVAILABILITY,domains.list,2021-11-27 03:45:59.456657
blog.replacemycontacts.com,AVAILABILITY,domains.list,2021-11-27 03:46:00.366417
boogu.barginginfrance.net,AVAILABILITY,domains.list,2021-11-27 03:46:01.212932
bonjo.bmbsklep.pl,AVAILABILITY,domains.list,2021-11-27 03:46:07.448336
boots.fotopyra.pl,AVAILABILITY,domains.list,2021-11-27 03:46:09.054625
borat.elticket.com.ar,AVAILABILITY,domains.list,2021-11-27 03:46:09.848154
boschetto-hotel.gr,AVAILABILITY,domains.list,2021-11-27 03:46:10.663521
bracbetul.com,AVAILABILITY,domains.list,2021-11-27 03:46:11.511274
campamento.queenscamp.com,AVAILABILITY,domains.list,2021-11-27 03:46:12.402633
catjogger.win,AVAILABILITY,domains.list,2021-11-27 03:46:13.204144
cofeb13east.com,AVAILABILITY,domains.list,2021-11-27 03:46:14.003837
chaveiro.bio.br,AVAILABILITY,domains.list,2021-11-27 03:46:15.090831
cosmetice-farduri.ro,AVAILABILITY,domains.list,2021-11-27 03:46:15.890644
cosmos.felago.es,AVAILABILITY,domains.list,2021-11-27 03:46:16.809656
cqji.artidentalkurs.com,AVAILABILITY,domains.list,2021-11-27 03:46:17.610652
corroshield.estb.com.sg,AVAILABILITY,domains.list,2021-11-27 03:46:19.453073
crops.dunight.eu,AVAILABILITY,domains.list,2021-11-27 03:46:20.329875
cwmgaming.com,AVAILABILITY,domains.list,2021-11-27 03:46:21.205448
d1171912.cp.blacknight.com,AVAILABILITY,domains.list,2021-11-27 03:46:22.429514
daspar.net,AVAILABILITY,domains.list,2021-11-27 03:46:23.313104
cznshuya.ivnet.ru,AVAILABILITY,domains.list,2021-11-27 03:46:24.721655
decorator.crabgrab.cl,AVAILABILITY,domains.list,2021-11-27 03:46:25.579320
decota.es,AVAILABILITY,domains.list,2021-11-27 03:46:26.470305
destre45.com,AVAILABILITY,domains.list,2021-11-27 03:46:27.288390
dev.wrathofshadows.net,AVAILABILITY,domains.list,2021-11-27 03:46:28.106616
dl01.faddmr.com,AVAILABILITY,domains.list,2021-11-27 03:46:28.918122
dimensionnail.ro,AVAILABILITY,domains.list,2021-11-27 03:46:29.910446
dl.downf468.com,AVAILABILITY,domains.list,2021-11-27 03:46:30.786770
downloads-finereader.ru,AVAILABILITY,domains.list,2021-11-27 03:46:31.676939
drank.fa779.com,AVAILABILITY,domains.list,2021-11-27 03:46:32.501889
dujur.barginginfrance.net,AVAILABILITY,domains.list,2021-11-27 03:46:33.330442
eekro.cruisingsmallship.com,AVAILABILITY,domains.list,2021-11-27 03:46:34.183869
eetho.cruisingsmallship.com,AVAILABILITY,domains.list,2021-11-27 03:46:35.010395
absurdity.flarelight.com,AVAILABILITY,domains.list,2021-11-27 03:46:38.431087
elocumjobs.com,AVAILABILITY,domains.list,2021-11-27 03:46:39.382554
elisaart.it,AVAILABILITY,domains.list,2021-11-27 03:46:40.503989
email-login-support.com,AVAILABILITY,domains.list,2021-11-27 03:46:41.312310
e-matelco.com,AVAILABILITY,domains.list,2021-11-27 03:46:42.141824
erupt.fernetmoretti.com.ar,AVAILABILITY,domains.list,2021-11-27 03:46:42.975370
europe-academy.net,AVAILABILITY,domains.list,2021-11-27 03:46:43.806630
europol.europe.eu.france.id647744160-2176514326.h5841.com,AVAILABILITY,domains.list,2021-11-27 03:46:44.635458
europol.europe.eu.id214218540-7444056787.h5841.com,AVAILABILITY,domains.list,2021-11-27 03:46:45.425038
exclaim.goldenteamacademy.cl,AVAILABILITY,domains.list,2021-11-27 03:46:46.444940
evans.babajilab.in,AVAILABILITY,domains.list,2021-11-27 03:46:47.263816
extreembilisim.com,AVAILABILITY,domains.list,2021-11-27 03:46:48.105067
fallencrafts.info,AVAILABILITY,domains.list,2021-11-27 03:46:49.000177
executivecoaching.co.il,AVAILABILITY,domains.list,2021-11-27 03:46:49.915135
fgtkmcby02.eu,AVAILABILITY,domains.list,2021-11-27 03:46:50.773104
fo5.a1-downloader.org,AVAILABILITY,domains.list,2021-11-27 03:46:51.621949
ftp.flyfishusa.com,AVAILABILITY,domains.list,2021-11-27 03:46:52.459588
funkucck.bluerobot.cl,AVAILABILITY,domains.list,2021-11-27 03:46:53.806140
giants.yourzip.co,AVAILABILITY,domains.list,2021-11-27 03:46:54.704487
gliamicidellunicef.it,AVAILABILITY,domains.list,2021-11-27 03:46:55.904304
gojnox.boxtomarket.com,AVAILABILITY,domains.list,2021-11-27 03:46:56.982995
grendizer.biz,AVAILABILITY,domains.list,2021-11-27 03:46:57.925816
gyboo.cruisingsmallship.com,AVAILABILITY,domains.list,2021-11-27 03:46:58.805214
gylra.cruisingsmallship.com,AVAILABILITY,domains.list,2021-11-27 03:46:59.672325
healthybloodpressure.info,AVAILABILITY,domains.list,2021-11-27 03:47:00.633076
h1666015.stratoserver.net,AVAILABILITY,domains.list,2021-11-27 03:47:01.979839
hobbat.fvds.ru,AVAILABILITY,domains.list,2021-11-27 03:47:03.881964
hrdcvn.com.vn,AVAILABILITY,domains.list,2021-11-27 03:47:04.708661
honor.agitaattori.fi,AVAILABILITY,domains.list,2021-11-27 03:47:05.536903
id405441215-8305493831.h121h9.com,AVAILABILITY,domains.list,2021-11-27 03:47:06.380069
igroo.barginginfrance.net,AVAILABILITY,domains.list,2021-11-27 03:47:07.276781
immediateresponseforcomputer.com,AVAILABILITY,domains.list,2021-11-27 03:47:08.166897
iptoo.cruisingsmallship.com,AVAILABILITY,domains.list,2021-11-27 03:47:09.050452
jstaikos.com,AVAILABILITY,domains.list,2021-11-27 03:47:10.009518
jue0jc.lukodorsai.info,AVAILABILITY,domains.list,2021-11-27 03:47:10.892893
keyways.pt,AVAILABILITY,domains.list,2021-11-27 03:47:11.771062
kfc.i.illuminationes.com,AVAILABILITY,domains.list,2021-11-27 03:47:12.650554
kingskillz.ru,AVAILABILITY,domains.list,2021-11-27 03:47:13.912419
krsa2gno.congrats-sweepstakes-winner.com,AVAILABILITY,domains.list,2021-11-27 03:47:14.805479
krsa2gno.important-security-brower-alert.com,AVAILABILITY,domains.list,2021-11-27 03:47:15.638877
krsa2gno.internet-security-alert.com,AVAILABILITY,domains.list,2021-11-27 03:47:16.450640
krsa2gno.todays-sweepstakes-winner.com,AVAILABILITY,domains.list,2021-11-27 03:47:17.270028
krsa2gno.youre-todays-lucky-sweeps-winner.com,AVAILABILITY,domains.list,2021-11-27 03:47:18.128338
lay.elticket.com.ar,AVAILABILITY,domains.list,2021-11-27 03:47:18.979877
lhs-mhs.org,AVAILABILITY,domains.list,2021-11-27 03:47:19.842774
likes.gisnetwork.net,AVAILABILITY,domains.list,2021-11-27 03:47:20.832786
livre.wasastation.fi,AVAILABILITY,domains.list,2021-11-27 03:47:21.788418
losas.cabanaslanina.com.ar,AVAILABILITY,domains.list,2021-11-27 03:47:22.630863
losos.caliane.com.br,AVAILABILITY,domains.list,2021-11-27 03:47:23.855507
luggagecast.com,AVAILABILITY,domains.list,2021-11-27 03:47:24.670894
luggagepreview.com,AVAILABILITY,domains.list,2021-11-27 03:47:25.475782
luggage-tv.com,AVAILABILITY,domains.list,2021-11-27 03:47:26.284534
luwyou.com,AVAILABILITY,domains.list,2021-11-27 03:47:27.103680
m2132.ehgaugysd.net,AVAILABILITY,domains.list,2021-11-27 03:47:27.917250
marialorena.com.br,AVAILABILITY,domains.list,2021-11-27 03:47:29.088211
mepra.blautechnology.cl,AVAILABILITY,domains.list,2021-11-27 03:47:29.907317
miespaciopilates.com,AVAILABILITY,domains.list,2021-11-27 03:47:30.763254
milf.gabriola.cl,AVAILABILITY,domains.list,2021-11-27 03:47:31.653478
mindstormstudio.ro,AVAILABILITY,domains.list,2021-11-27 03:47:32.711434
mlpoint.pt,AVAILABILITY,domains.list,2021-11-27 03:47:33.524316
molla.gato1000.cl,AVAILABILITY,domains.list,2021-11-27 03:47:34.434203
lifescience.sysu.edu.cn,AVAILABILITY,domains.list,2021-11-27 03:47:40.752813
mylondon.hc0.me,AVAILABILITY,domains.list,2021-11-27 03:47:41.657409
myvksaver.ru,AVAILABILITY,domains.list,2021-11-27 03:47:42.837370
nc2199.eden5.netclusive.de,AVAILABILITY,domains.list,2021-11-27 03:47:46.148895
nctbonline.co.uk,AVAILABILITY,domains.list,2021-11-27 03:47:47.059882
nerez-schodiste-zabradli.com,AVAILABILITY,domains.list,2021-11-27 03:47:47.907665
nestorconsulting.net,AVAILABILITY,domains.list,2021-11-27 03:47:48.846522
news4cars.com,AVAILABILITY,domains.list,2021-11-27 03:47:49.689980
nkgamers.com,AVAILABILITY,domains.list,2021-11-27 03:47:50.519410
nlconsulateorlandoorg.siteprotect.net,AVAILABILITY,domains.list,2021-11-27 03:47:51.444529
northpoleitalia.it,AVAILABILITY,domains.list,2021-11-27 03:47:52.626345
ns1.updatesdns.org,AVAILABILITY,domains.list,2021-11-27 03:47:53.563994
nugly.barginginfrance.net,AVAILABILITY,domains.list,2021-11-27 03:47:54.439727
oilwrestlingeurope.com,AVAILABILITY,domains.list,2021-11-27 03:47:55.289701
oofuv.cruisingsmallship.com,AVAILABILITY,domains.list,2021-11-27 03:47:56.135179
oojee.barginginfrance.net,AVAILABILITY,domains.list,2021-11-27 03:47:56.986893
oosee.barginginfrance.net,AVAILABILITY,domains.list,2021-11-27 03:47:57.888212
optilogus.com,AVAILABILITY,domains.list,2021-11-27 03:47:58.733346
orkut.krovatka.su,AVAILABILITY,domains.list,2021-11-27 03:48:00.137351
over50datingservices.com,AVAILABILITY,domains.list,2021-11-27 03:48:00.987281
pb-webdesign.net,AVAILABILITY,domains.list,2021-11-27 03:48:01.822957
peeg.fronterarq.cl,AVAILABILITY,domains.list,2021-11-27 03:48:02.725608
pepelacer.computingservices123.com,AVAILABILITY,domains.list,2021-11-27 03:48:03.581707
perfectionautorepairs.com,AVAILABILITY,domains.list,2021-11-27 03:48:04.497714
personal.editura-amsibiu.ro,AVAILABILITY,domains.list,2021-11-27 03:48:05.366427
phoaz.cruisingsmallship.com,AVAILABILITY,domains.list,2021-11-27 03:48:06.274944
pic.starsarabian.com,AVAILABILITY,domains.list,2021-11-27 03:48:07.114486
plank.duplicolor.cl,AVAILABILITY,domains.list,2021-11-27 03:48:08.036081
plantaardigebrandstof.nl,AVAILABILITY,domains.list,2021-11-27 03:48:08.952562
poesiadelsud.it,AVAILABILITY,domains.list,2021-11-27 03:48:10.211243
police11.provenprotection.net,AVAILABILITY,domains.list,2021-11-27 03:48:11.091456
praxisww.com,AVAILABILITY,domains.list,2021-11-27 03:48:11.990611
produla.czatgg.pl,AVAILABILITY,domains.list,2021-11-27 03:48:13.335670
ptool.barginginfrance.net,AVAILABILITY,domains.list,2021-11-27 03:48:14.168948
ptuph.barginginfrance.net,AVAILABILITY,domains.list,2021-11-27 03:48:15.049687
pumpkin.brisik.net,AVAILABILITY,domains.list,2021-11-27 03:48:15.955669
pybul.bestfrozenporn.nl,AVAILABILITY,domains.list,2021-11-27 03:48:16.807558
q28840.nb.host127-0-0-1.com,AVAILABILITY,domains.list,2021-11-27 03:48:17.612029
rainbowcolours.me.uk,AVAILABILITY,domains.list,2021-11-27 03:48:18.521315
rawoo.barginginfrance.net,AVAILABILITY,domains.list,2021-11-27 03:48:19.452069
raneevahijab.id,AVAILABILITY,domains.list,2021-11-27 03:48:20.341969
rl8vd.kikul.com,AVAILABILITY,domains.list,2021-11-27 03:48:21.277144
romsigmed.ro,AVAILABILITY,domains.list,2021-11-27 03:48:22.526365
romvarimarton.hu,AVAILABILITY,domains.list,2021-11-27 03:48:23.380044
ru.theswiftones.com,AVAILABILITY,domains.list,2021-11-27 03:48:24.339035
ross.starvingmillionaire.org,AVAILABILITY,domains.list,2021-11-27 03:48:25.190558
rufex.ajfingenieros.cl,AVAILABILITY,domains.list,2021-11-27 03:48:26.050441
sanya.vipc2f.com,AVAILABILITY,domains.list,2021-11-27 03:48:26.912306
sbnc.hak.su,AVAILABILITY,domains.list,2021-11-27 03:48:28.082689
scanty.colormark.cl,AVAILABILITY,domains.list,2021-11-27 03:48:28.955250
scream.garudamp3.com,AVAILABILITY,domains.list,2021-11-27 03:48:29.825764
seet10.jino.ru,AVAILABILITY,domains.list,2021-11-27 03:48:31.025927
shoal.grahanusareadymix.com,AVAILABILITY,domains.list,2021-11-27 03:48:31.844785
site-checksite.tk,AVAILABILITY,domains.list,2021-11-27 03:48:32.642074
ska.energia.cz,AVAILABILITY,domains.list,2021-11-27 03:48:33.801813
skiholidays4beginners.com,AVAILABILITY,domains.list,2021-11-27 03:48:34.589954
smilll.depozit.hr,AVAILABILITY,domains.list,2021-11-27 03:48:35.567244
somethingnice.hc0.me,AVAILABILITY,domains.list,2021-11-27 03:48:36.439947
soros.departamentosejecutivos.cl,AVAILABILITY,domains.list,2021-11-27 03:48:37.262897
soxorok.ddospower.ro,AVAILABILITY,domains.list,2021-11-27 03:48:38.299518
sportsulsan.co.kr,AVAILABILITY,domains.list,2021-11-27 03:48:39.357984
sexzoznamka.eu,AVAILABILITY,domains.list,2021-11-27 03:49:00.252425
spread.diadanoivabh.com.br,AVAILABILITY,domains.list,2021-11-27 03:49:01.132281
srslogisticts.com,AVAILABILITY,domains.list,2021-11-27 03:49:02.081735
ssl-6582datamanager.de,AVAILABILITY,domains.list,2021-11-27 03:49:02.914734
stirparts.ru,AVAILABILITY,domains.list,2021-11-27 03:49:03.746714
stock.daydreamfuze.com,AVAILABILITY,domains.list,2021-11-27 03:49:04.609702
stork.escortfinder.cl,AVAILABILITY,domains.list,2021-11-27 03:49:05.606803
structured.blackswanstore.com,AVAILABILITY,domains.list,2021-11-27 03:49:06.660044
svision-online.de,AVAILABILITY,domains.list,2021-11-27 03:49:07.509384
systemscheckusa.com,AVAILABILITY,domains.list,2021-11-27 03:49:08.354774
tahit.wastech2016.in,AVAILABILITY,domains.list,2021-11-27 03:49:09.229848
tanner.alicerosenmanmemorial.com,AVAILABILITY,domains.list,2021-11-27 03:49:10.095066
tatschke.net,AVAILABILITY,domains.list,2021-11-27 03:49:10.968934
terem.eltransbt.ro,AVAILABILITY,domains.list,2021-11-27 03:49:11.836763
teprom.it,AVAILABILITY,domains.list,2021-11-27 03:49:13.038551
titon.info,AVAILABILITY,domains.list,2021-11-27 03:49:14.013536
trahic.ru,AVAILABILITY,domains.list,2021-11-27 03:49:14.862624
trifle.ernstenco.be,AVAILABILITY,domains.list,2021-11-27 03:49:15.716315
t-sb.net,AVAILABILITY,domains.list,2021-11-27 03:49:16.576660
ttb.tbddlw.com,AVAILABILITY,domains.list,2021-11-27 03:49:17.403668
uchyz.cruisingsmallship.com,AVAILABILITY,domains.list,2021-11-27 03:49:18.332236
ukonline.hc0.me,AVAILABILITY,domains.list,2021-11-27 03:49:19.239841
ukrfarms.com.ua,AVAILABILITY,domains.list,2021-11-27 03:49:20.184193
unlink.altitude.lv,AVAILABILITY,domains.list,2021-11-27 03:49:21.630109
v.inigsplan.ru,AVAILABILITY,domains.list,2021-11-27 03:49:22.665971
valouweeigenaren.nl,AVAILABILITY,domains.list,2021-11-27 03:49:23.588577
vdula.czystykod.pl,AVAILABILITY,domains.list,2021-11-27 03:49:24.828507
veksi.barginginfrance.net,AVAILABILITY,domains.list,2021-11-27 03:49:25.776417
victor.connectcloud.ch,AVAILABILITY,domains.list,2021-11-27 03:49:30.795693
montezuma.spb.ru,AVAILABILITY,domains.list,2021-11-27 03:49:39.024333
vitalityxray.com,AVAILABILITY,domains.list,2021-11-27 03:49:39.880829
vitaly.agricolacolhue.cl,AVAILABILITY,domains.list,2021-11-27 03:49:40.846796
vocational-training.us,AVAILABILITY,domains.list,2021-11-27 03:49:41.685067
vomit.facilitandosonhos.com.br,AVAILABILITY,domains.list,2021-11-27 03:49:42.730490
w612.nb.host127-0-0-1.com,AVAILABILITY,domains.list,2021-11-27 03:49:43.638322
w4988.nb.host127-0-0-1.com,AVAILABILITY,domains.list,2021-11-27 03:49:44.496930
wallpapers91.com,AVAILABILITY,domains.list,2021-11-27 03:49:45.348386
update.onescan.co.kr,AVAILABILITY,domains.list,2021-11-27 03:49:46.793793
web-sensations.com,AVAILABILITY,domains.list,2021-11-27 03:49:47.597081
weboxmedia.by,AVAILABILITY,domains.list,2021-11-27 03:49:48.646047
wetjane.x10.mx,AVAILABILITY,domains.list,2021-11-27 03:49:49.741782
wfoto.front.ru,AVAILABILITY,domains.list,2021-11-27 03:49:51.621170
whitehorsetechnologies.net,AVAILABILITY,domains.list,2021-11-27 03:49:52.505891
womsy.bobbutcher.net,AVAILABILITY,domains.list,2021-11-27 03:49:53.474825
wopper.bioblitzgaming.ca,AVAILABILITY,domains.list,2021-11-27 03:49:54.390489
worldgymperu.com,AVAILABILITY,domains.list,2021-11-27 03:49:55.256324
wixx.caliptopis.cl,AVAILABILITY,domains.list,2021-11-27 03:49:56.301502
www.3difx.com,AVAILABILITY,domains.list,2021-11-27 03:49:57.163884
www.achren.org,AVAILABILITY,domains.list,2021-11-27 03:49:58.213433
www.ad-beast.com,AVAILABILITY,domains.list,2021-11-27 03:49:59.023185
www.aippnetworks.com,AVAILABILITY,domains.list,2021-11-27 03:49:59.848762
www.airbornehydrography.com,AVAILABILITY,domains.list,2021-11-27 03:50:00.714243
www.alexanderinteriorsanddesign.com,AVAILABILITY,domains.list,2021-11-27 03:50:01.650698
www.alsoknowsit.com,AVAILABILITY,domains.list,2021-11-27 03:50:02.675255
www.anshrit.com,AVAILABILITY,domains.list,2021-11-27 03:50:03.669412
www.antalya.ru,AVAILABILITY,domains.list,2021-11-27 03:50:05.075170
www.anticarredodolomiti.com,AVAILABILITY,domains.list,2021-11-27 03:50:05.940485
www.areadiprova.eu,AVAILABILITY,domains.list,2021-11-27 03:50:06.771602
wt10.haote.com,AVAILABILITY,domains.list,2021-11-27 03:50:07.944069
www.associatesexports.com,AVAILABILITY,domains.list,2021-11-27 03:50:08.825964
www.assculturaleincontri.it,AVAILABILITY,domains.list,2021-11-27 03:50:10.389604
www.babos.scrapping.cc,AVAILABILITY,domains.list,2021-11-27 03:50:11.579804
www.batcoroadlinescorporation.com,AVAILABILITY,domains.list,2021-11-27 03:50:12.416862
www.betterhomeandgardenideas.com,AVAILABILITY,domains.list,2021-11-27 03:50:13.274664
www.blackfalcon5.net,AVAILABILITY,domains.list,2021-11-27 03:50:14.157661
www.bluecutsystem.com,AVAILABILITY,domains.list,2021-11-27 03:50:15.013372
www.blueimagen.com,AVAILABILITY,domains.list,2021-11-27 03:50:15.885617
www.boschetto-hotel.gr,AVAILABILITY,domains.list,2021-11-27 03:50:16.731150
www.bracbetul.com,AVAILABILITY,domains.list,2021-11-27 03:50:17.552308
www.cacl.fr,AVAILABILITY,domains.list,2021-11-27 03:50:18.808970
www.catjogger.win,AVAILABILITY,domains.list,2021-11-27 03:50:19.740824
www.chaveiro.bio.br,AVAILABILITY,domains.list,2021-11-27 03:50:20.662774
www.cofeb13east.com,AVAILABILITY,domains.list,2021-11-27 03:50:21.566560
www.cosmetice-farduri.ro,AVAILABILITY,domains.list,2021-11-27 03:50:22.446337
www.cudacorp.com,AVAILABILITY,domains.list,2021-11-27 03:50:23.662354
www.cwmgaming.com,AVAILABILITY,domains.list,2021-11-27 03:50:24.561172
www.daspar.net,AVAILABILITY,domains.list,2021-11-27 03:50:25.516825
www.decota.es,AVAILABILITY,domains.list,2021-11-27 03:50:26.424277
www.deleondeos.com,AVAILABILITY,domains.list,2021-11-27 03:50:27.262505
www.destre45.com,AVAILABILITY,domains.list,2021-11-27 03:50:28.160430
www.dimensionnail.ro,AVAILABILITY,domains.list,2021-11-27 03:50:29.351373
www.downloads-finereader.ru,AVAILABILITY,domains.list,2021-11-27 03:50:30.194197
vipdn123.blackapplehost.com,AVAILABILITY,domains.list,2021-11-27 03:50:42.456501
www.e1r.net,AVAILABILITY,domains.list,2021-11-27 03:50:43.297010
www.elisaart.it,AVAILABILITY,domains.list,2021-11-27 03:50:44.462930
www.elocumjobs.com,AVAILABILITY,domains.list,2021-11-27 03:50:45.277316
www.email-login-support.com,AVAILABILITY,domains.list,2021-11-27 03:50:46.095481
www.e-matelco.com,AVAILABILITY,domains.list,2021-11-27 03:50:46.897364
www.espdesign.com.au,AVAILABILITY,domains.list,2021-11-27 03:50:47.754805
www.europe-academy.net,AVAILABILITY,domains.list,2021-11-27 03:50:48.590024
www.executivecoaching.co.il,AVAILABILITY,domains.list,2021-11-27 03:50:49.703401
www.extreembilisim.com,AVAILABILITY,domains.list,2021-11-27 03:50:50.593780
www.fallencrafts.info,AVAILABILITY,domains.list,2021-11-27 03:50:51.458081
www.fgtkmcby02.eu,AVAILABILITY,domains.list,2021-11-27 03:50:52.297803
www.gliamicidellunicef.it,AVAILABILITY,domains.list,2021-11-27 03:50:53.510362
www.gosciniec-paproc.pl,AVAILABILITY,domains.list,2021-11-27 03:50:54.334517
www.bargainracks.co.uk,AVAILABILITY,domains.list,2021-11-27 03:50:56.056190
www.grendizer.biz,AVAILABILITY,domains.list,2021-11-27 03:50:56.922430
www.gravityexp.com,AVAILABILITY,domains.list,2021-11-27 03:50:57.750126
www.hardcorepornparty.com,AVAILABILITY,domains.list,2021-11-27 03:50:58.576211
www.healthybloodpressure.info,AVAILABILITY,domains.list,2021-11-27 03:50:59.385801
www.hobby-hangar.net,AVAILABILITY,domains.list,2021-11-27 03:51:00.213476
www.immediateresponseforcomputer.com,AVAILABILITY,domains.list,2021-11-27 03:51:01.054034
www.hrdcvn.com.vn,AVAILABILITY,domains.list,2021-11-27 03:51:02.214637
www.inlinea.co.uk,AVAILABILITY,domains.list,2021-11-27 03:51:07.337012
www.ipl.hk,AVAILABILITY,domains.list,2021-11-27 03:51:08.490546
www.jstaikos.com,AVAILABILITY,domains.list,2021-11-27 03:51:09.416396
www.jessisjewels.com,AVAILABILITY,domains.list,2021-11-27 03:51:11.733602
www.keyways.pt,AVAILABILITY,domains.list,2021-11-27 03:51:12.592374
www.kingskillz.ru,AVAILABILITY,domains.list,2021-11-27 03:51:13.635953
www.drteachme.com,AVAILABILITY,domains.list,2021-11-27 03:51:24.452974
www.lhs-mhs.org,AVAILABILITY,domains.list,2021-11-27 03:51:25.372651
www.luggagecast.com,AVAILABILITY,domains.list,2021-11-27 03:51:26.263896
www.luggagepreview.com,AVAILABILITY,domains.list,2021-11-27 03:51:27.246871
www.luggage-tv.com,AVAILABILITY,domains.list,2021-11-27 03:51:28.211130
www.lunaticjazz.com,AVAILABILITY,domains.list,2021-11-27 03:51:29.669418
www.luwyou.com,AVAILABILITY,domains.list,2021-11-27 03:51:30.508050
www.marialorena.com.br,AVAILABILITY,domains.list,2021-11-27 03:51:31.509680
www.maxisoft.co.uk,AVAILABILITY,domains.list,2021-11-27 03:51:32.383893
www.miespaciopilates.com,AVAILABILITY,domains.list,2021-11-27 03:51:33.237781
www.mindstormstudio.ro,AVAILABILITY,domains.list,2021-11-27 03:51:34.078169
www.mlpoint.pt,AVAILABILITY,domains.list,2021-11-27 03:51:34.938894
www.monarchslo.com,AVAILABILITY,domains.list,2021-11-27 03:51:35.808524
www.motivacionyrelajacion.com,AVAILABILITY,domains.list,2021-11-27 03:51:36.691740
www.mysmallcock.com,AVAILABILITY,domains.list,2021-11-27 03:51:37.535948
www.myvksaver.ru,AVAILABILITY,domains.list,2021-11-27 03:51:38.736507
www.nctbonline.co.uk,AVAILABILITY,domains.list,2021-11-27 03:51:39.689216
www.nerez-schodiste-zabradli.com,AVAILABILITY,domains.list,2021-11-27 03:51:40.539393
www.nestorconsulting.net,AVAILABILITY,domains.list,2021-11-27 03:51:41.395679
www.news4cars.com,AVAILABILITY,domains.list,2021-11-27 03:51:42.300251
www.nkgamers.com,AVAILABILITY,domains.list,2021-11-27 03:51:43.180851
www.northpoleitalia.it,AVAILABILITY,domains.list,2021-11-27 03:51:44.694299
www.nutnet.ir,AVAILABILITY,domains.list,2021-11-27 03:51:46.102919
www.obada-konstruktiwa.org,AVAILABILITY,domains.list,2021-11-27 03:51:46.925395
www.ocpersian.com,AVAILABILITY,domains.list,2021-11-27 03:51:47.737066
www.oilwrestlingeurope.com,AVAILABILITY,domains.list,2021-11-27 03:51:48.636631
www.okeanbg.com,AVAILABILITY,domains.list,2021-11-27 03:51:49.483779
www.optilogus.com,AVAILABILITY,domains.list,2021-11-27 03:51:50.341707
www.over50datingservices.com,AVAILABILITY,domains.list,2021-11-27 03:51:51.262470
www.pb-webdesign.net,AVAILABILITY,domains.list,2021-11-27 03:51:52.139765
www.perfectionautorepairs.com,AVAILABILITY,domains.list,2021-11-27 03:51:52.987628
www.plantaardigebrandstof.nl,AVAILABILITY,domains.list,2021-11-27 03:51:53.844528
www.poesiadelsud.it,AVAILABILITY,domains.list,2021-11-27 03:51:55.043937
www.portalfiremasters.com.br,AVAILABILITY,domains.list,2021-11-27 03:51:56.037264
www.praxisww.com,AVAILABILITY,domains.list,2021-11-27 03:51:56.881987
www.proascolcolombia.com,AVAILABILITY,domains.list,2021-11-27 03:51:57.727441
www.rainbowcolours.me.uk,AVAILABILITY,domains.list,2021-11-27 03:51:58.583163
www.raneevahijab.id,AVAILABILITY,domains.list,2021-11-27 03:51:59.478371
www.romsigmed.ro,AVAILABILITY,domains.list,2021-11-27 03:52:00.633184
www.romvarimarton.hu,AVAILABILITY,domains.list,2021-11-27 03:52:01.506957
www.sexzoznamka.eu,AVAILABILITY,domains.list,2021-11-27 03:52:07.393602
www.montezuma.spb.ru,AVAILABILITY,domains.list,2021-11-27 03:52:13.575966
www.site-checksite.tk,AVAILABILITY,domains.list,2021-11-27 03:52:14.400864
www.skiholidays4beginners.com,AVAILABILITY,domains.list,2021-11-27 03:52:15.240783
www.sportsulsan.co.kr,AVAILABILITY,domains.list,2021-11-27 03:52:16.390281
www.srslogisticts.com,AVAILABILITY,domains.list,2021-11-27 03:52:17.240803
www.ssl-6582datamanager.de,AVAILABILITY,domains.list,2021-11-27 03:52:18.048331
www.stirparts.ru,AVAILABILITY,domains.list,2021-11-27 03:52:19.307288
www.svision-online.de,AVAILABILITY,domains.list,2021-11-27 03:52:20.191282
www.systemscheckusa.com,AVAILABILITY,domains.list,2021-11-27 03:52:21.070449
www.tatschke.net,AVAILABILITY,domains.list,2021-11-27 03:52:21.954033
www.tecnocuer.com,AVAILABILITY,domains.list,2021-11-27 03:52:22.812685
www.titon.info,AVAILABILITY,domains.list,2021-11-27 03:52:23.644247
www.teprom.it,AVAILABILITY,domains.list,2021-11-27 03:52:24.837011
www.trahic.ru,AVAILABILITY,domains.list,2021-11-27 03:52:25.622106
www.t-sb.net,AVAILABILITY,domains.list,2021-11-27 03:52:26.439400
www.ukrfarms.com.ua,AVAILABILITY,domains.list,2021-11-27 03:52:27.340426
www.valouweeigenaren.nl,AVAILABILITY,domains.list,2021-11-27 03:52:28.201167
www.vitalityxray.com,AVAILABILITY,domains.list,2021-11-27 03:52:29.045553
www.wallpapers91.com,AVAILABILITY,domains.list,2021-11-27 03:52:29.890556
www.vocational-training.us,AVAILABILITY,domains.list,2021-11-27 03:52:30.747657
www.weboxmedia.by,AVAILABILITY,domains.list,2021-11-27 03:52:31.676212
www.web-sensations.com,AVAILABILITY,domains.list,2021-11-27 03:52:32.501409
www.whitehorsetechnologies.net,AVAILABILITY,domains.list,2021-11-27 03:52:33.342297
www.worldgymperu.com,AVAILABILITY,domains.list,2021-11-27 03:52:34.143101
www.xicaxique.com.br,AVAILABILITY,domains.list,2021-11-27 03:52:35.121866
www.yigitakcali.com,AVAILABILITY,domains.list,2021-11-27 03:52:35.940192
www.z7752.com,AVAILABILITY,domains.list,2021-11-27 03:52:36.768222
yigitakcali.com,AVAILABILITY,domains.list,2021-11-27 03:52:37.591202
ylpzt.juzojossai.net,AVAILABILITY,domains.list,2021-11-27 03:52:38.453305
z32538.nb.host127-0-0-1.com,AVAILABILITY,domains.list,2021-11-27 03:52:39.266457
eecky.butlerelectricsupply.com,AVAILABILITY,domains.list,2021-11-27 03:52:40.114035
keemy.butlerelectricsupply.com,AVAILABILITY,domains.list,2021-11-27 03:52:40.926784
namso.butlerelectricsupply.com,AVAILABILITY,domains.list,2021-11-27 03:52:41.783243
pulso.butlerelectricsupply.com,AVAILABILITY,domains.list,2021-11-27 03:52:42.583235
uvidu.butlerelectricsupply.com,AVAILABILITY,domains.list,2021-11-27 03:52:43.384331
zjjlf.croukwexdbyerr.net,AVAILABILITY,domains.list,2021-11-27 03:52:44.212455
zyrdu.cruisingsmallship.com,AVAILABILITY,domains.list,2021-11-27 03:52:45.082978
www.scaner-figy.tk,AVAILABILITY,domains.list,2021-11-27 03:52:45.912780
www.scaner-or.tk,AVAILABILITY,domains.list,2021-11-27 03:52:46.689393
www.scaner-sbite.tk,AVAILABILITY,domains.list,2021-11-27 03:52:47.494068
www.scaner-sboom.tk,AVAILABILITY,domains.list,2021-11-27 03:52:48.309016
www.scdsfdfgdr12.tk,AVAILABILITY,domains.list,2021-11-27 03:52:49.534705
www.sexyster.tk,AVAILABILITY,domains.list,2021-11-27 03:52:50.877830
www.unlim-app.tk,AVAILABILITY,domains.list,2021-11-27 03:52:51.742620
www.url-cameralist.tk,AVAILABILITY,domains.list,2021-11-27 03:52:52.597117
xicaxique.com.br,AVAILABILITY,domains.list,2021-11-27 03:52:53.586085
z7752.com,AVAILABILITY,domains.list,2021-11-27 03:52:54.442805
zt.tim-taxi.com,AVAILABILITY,domains.list,2021-11-27 03:52:55.302847
www.sn-gzzx.com,AVAILABILITY,domains.list,2021-11-27 03:52:56.202165
allxscan.tk,AVAILABILITY,domains.list,2021-11-27 03:52:57.061461
babos.scrapping.cc,AVAILABILITY,domains.list,2021-11-27 03:52:57.876967
csmail.iggcn.com,AVAILABILITY,domains.list,2021-11-27 03:52:58.790655
cosmos.furnipict.com,AVAILABILITY,domains.list,2021-11-27 03:52:59.631965
faq-candrive.tk,AVAILABILITY,domains.list,2021-11-27 03:53:00.419258
geil.alon3.tk,AVAILABILITY,domains.list,2021-11-27 03:53:01.605840
higher.dwebsi.tk,AVAILABILITY,domains.list,2021-11-27 03:53:03.139385
hmora.fred-build.tk,AVAILABILITY,domains.list,2021-11-27 03:53:03.987448
hosting-controlid1.tk,AVAILABILITY,domains.list,2021-11-27 03:53:04.830352
hosting-controlnext.tk,AVAILABILITY,domains.list,2021-11-27 03:53:05.686030
hosting-controlpin.tk,AVAILABILITY,domains.list,2021-11-27 03:53:06.558524
hosting-controlpr.tk,AVAILABILITY,domains.list,2021-11-27 03:53:07.398443
infoweb-coolinfo.tk,AVAILABILITY,domains.list,2021-11-27 03:53:08.374118
internet-bb.tk,AVAILABILITY,domains.list,2021-11-27 03:53:09.170395
linkforme.tk,AVAILABILITY,domains.list,2021-11-27 03:53:10.403157
makohela.tk,AVAILABILITY,domains.list,2021-11-27 03:53:11.813486
mycleanpc.tk,AVAILABILITY,domains.list,2021-11-27 03:53:13.155107
new-address.tk,AVAILABILITY,domains.list,2021-11-27 03:53:13.986993
pacan.gofreedom.info,AVAILABILITY,domains.list,2021-11-27 03:53:14.884087
hospedar.xpg.com.br,AVAILABILITY,domains.list,2021-11-27 03:53:35.714646
pornstarss.tk,AVAILABILITY,domains.list,2021-11-27 03:53:36.772272
private.hotelcesenaticobooking.info,AVAILABILITY,domains.list,2021-11-27 03:53:37.659226
scaner-figy.tk,AVAILABILITY,domains.list,2021-11-27 03:53:38.531265
scaner-or.tk,AVAILABILITY,domains.list,2021-11-27 03:53:39.478570
scaner-sbite.tk,AVAILABILITY,domains.list,2021-11-27 03:53:40.363592
scaner-sboom.tk,AVAILABILITY,domains.list,2021-11-27 03:53:41.267520
scdsfdfgdr12.tk,AVAILABILITY,domains.list,2021-11-27 03:53:42.430574
sexyster.tk,AVAILABILITY,domains.list,2021-11-27 03:53:43.493327
unlim-app.tk,AVAILABILITY,domains.list,2021-11-27 03:53:44.369686
url-cameralist.tk,AVAILABILITY,domains.list,2021-11-27 03:53:45.209354
winsetupcostotome.easthamvacations.info,AVAILABILITY,domains.list,2021-11-27 03:53:46.092564
www.4dexports.com,AVAILABILITY,domains.list,2021-11-27 03:53:46.993872
www.allxscan.tk,AVAILABILITY,domains.list,2021-11-27 03:53:48.198059
www.faq-candrive.tk,AVAILABILITY,domains.list,2021-11-27 03:53:49.112180
www.hosting-controlid1.tk,AVAILABILITY,domains.list,2021-11-27 03:53:49.968823
www.hosting-controlnext.tk,AVAILABILITY,domains.list,2021-11-27 03:53:50.865445
www.hosting-controlpin.tk,AVAILABILITY,domains.list,2021-11-27 03:53:51.756943
www.hosting-controlpr.tk,AVAILABILITY,domains.list,2021-11-27 03:53:52.580906
www.infoweb-coolinfo.tk,AVAILABILITY,domains.list,2021-11-27 03:53:53.503984
www.internet-bb.tk,AVAILABILITY,domains.list,2021-11-27 03:53:54.380143
www.hospedar.xpg.com.br,AVAILABILITY,domains.list,2021-11-27 03:54:05.227165
www.linkforme.tk,AVAILABILITY,domains.list,2021-11-27 03:54:06.058306
www.makohela.tk,AVAILABILITY,domains.list,2021-11-27 03:54:07.268727
www.mycleanpc.tk,AVAILABILITY,domains.list,2021-11-27 03:54:08.453029
www.new-address.tk,AVAILABILITY,domains.list,2021-11-27 03:54:09.263325
www.pornstarss.tk,AVAILABILITY,domains.list,2021-11-27 03:54:10.783855
www.acquisizionevideo.com,AVAILABILITY,domains.list,2021-11-27 03:54:12.791811
headless.ebkfwd.com,AVAILABILITY,domains.list,2021-11-27 03:54:13.656116
www.icybrand.eu,AVAILABILITY,domains.list,2021-11-27 03:54:14.577960
helesouurusa.cjb.com,AVAILABILITY,domains.list,2021-11-27 03:54:15.456276
www.zctei.com,AVAILABILITY,domains.list,2021-11-27 03:54:16.293934
instruminahui.edu.ec,AVAILABILITY,domains.list,2021-11-27 03:54:17.153449
hexadl.line55.net,AVAILABILITY,domains.list,2021-11-27 03:54:17.988884
slimxxxtubeuvd.dnset.com,AVAILABILITY,domains.list,2021-11-27 03:54:18.895523
textspeier.de,AVAILABILITY,domains.list,2021-11-27 03:54:20.032278
slimxxxtubebej.dnset.com,AVAILABILITY,domains.list,2021-11-27 03:54:21.034309
safety.amw.com,AVAILABILITY,domains.list,2021-11-27 03:54:21.902493
echoa.randbinternationaltravel.com,AVAILABILITY,domains.list,2021-11-27 03:54:22.717577
greev.randbinternationaltravel.com,AVAILABILITY,domains.list,2021-11-27 03:54:32.220101
iwhab.randbinternationaltravel.com,AVAILABILITY,domains.list,2021-11-27 03:54:53.068049
mysmallcock.com,AVAILABILITY,domains.list,2021-11-27 03:54:53.970648
