subject,idna_subject,expiration_date,epoch,registrar
0uk.net,0uk.net,19-mar-2021,1616112000.0,
0uk.net,0uk.net,19-mar-2021,1616112000.0,
2amsports.com,2amsports.com,03-may-2021,1620000000.0,
2amsports.com,2amsports.com,03-may-2021,1620000000.0,
abcdespanol.com,abcdespanol.com,19-jan-2022,1642550400.0,
abcdespanol.com,abcdespanol.com,19-jan-2022,1642550400.0,
achren.org,achren.org,03-jun-2021,1622678400.0,
achren.org,achren.org,03-jun-2021,1622678400.0,
acquisizionevideo.com,acquisizionevideo.com,15-apr-2021,1618444800.0,
acquisizionevideo.com,acquisizionevideo.com,15-apr-2021,1618444800.0,
actiagroup.com,actiagroup.com,10-jul-2021,1625875200.0,
actiagroup.com,actiagroup.com,10-jul-2021,1625875200.0,
adlock.in,adlock.in,05-jul-2021,1625443200.0,
adlock.in,adlock.in,05-jul-2021,1625443200.0,
adobeflashupdate14.com,adobeflashupdate14.com,19-aug-2021,1629331200.0,
adobeflashupdate14.com,adobeflashupdate14.com,19-aug-2021,1629331200.0,
advancetec.co.uk,advancetec.co.uk,31-jan-2021,1612051200.0,
advancetec.co.uk,advancetec.co.uk,31-jan-2021,1612051200.0,
aerreravasi.com,aerreravasi.com,29-aug-2021,1630195200.0,
aerreravasi.com,aerreravasi.com,29-aug-2021,1630195200.0,
akirkpatrick.com,akirkpatrick.com,15-feb-2021,1613347200.0,
akirkpatrick.com,akirkpatrick.com,15-feb-2021,1613347200.0,
ambulanciaslazaro.com,ambulanciaslazaro.com,18-jun-2021,1623974400.0,
ambulanciaslazaro.com,ambulanciaslazaro.com,18-jun-2021,1623974400.0,
aminev.com,aminev.com,15-aug-2021,1628985600.0,
aminev.com,aminev.com,15-aug-2021,1628985600.0,
angolotesti.it,angolotesti.it,10-jun-2021,1623283200.0,
angolotesti.it,angolotesti.it,10-jun-2021,1623283200.0,
antalya.ru,antalya.ru,02-may-2021,1619913600.0,
antalya.ru,antalya.ru,02-may-2021,1619913600.0,
arkinsoftware.in,arkinsoftware.in,19-jul-2021,1626652800.0,
arkinsoftware.in,arkinsoftware.in,19-jul-2021,1626652800.0,
artsconsortium.org,artsconsortium.org,10-dec-2024,1733788800.0,
artsconsortium.org,artsconsortium.org,10-dec-2024,1733788800.0,
atlcourier.com,atlcourier.com,24-aug-2021,1629763200.0,
atlcourier.com,atlcourier.com,24-aug-2021,1629763200.0,
atousoft.com,atousoft.com,28-apr-2021,1619568000.0,
atousoft.com,atousoft.com,28-apr-2021,1619568000.0,
avppet.com,avppet.com,19-aug-2021,1629331200.0,
avppet.com,avppet.com,19-aug-2021,1629331200.0,
bargainracks.co.uk,bargainracks.co.uk,18-feb-2021,1613606400.0,
bargainracks.co.uk,bargainracks.co.uk,18-feb-2021,1613606400.0,
batcoroadlinescorporation.com,batcoroadlinescorporation.com,16-apr-2021,1618531200.0,
batcoroadlinescorporation.com,batcoroadlinescorporation.com,16-apr-2021,1618531200.0,
bcservice.it,bcservice.it,19-feb-2021,1613692800.0,
bcservice.it,bcservice.it,19-feb-2021,1613692800.0,
be-funk.com,be-funk.com,22-feb-2021,1613952000.0,
be-funk.com,be-funk.com,22-feb-2021,1613952000.0,
beautysafari.com,beautysafari.com,26-apr-2021,1619395200.0,
beautysafari.com,beautysafari.com,26-apr-2021,1619395200.0,
beespace.com.ua,beespace.com.ua,10-jun-2021,1623283200.0,
beespace.com.ua,beespace.com.ua,10-jun-2021,1623283200.0,
bezproudoff.cz,bezproudoff.cz,09-jun-2021,1623196800.0,
bezproudoff.cz,bezproudoff.cz,09-jun-2021,1623196800.0,
bizzibeans.net,bizzibeans.net,03-nov-2021,1635897600.0,
bizzibeans.net,bizzibeans.net,03-nov-2021,1635897600.0,
blackfalcon5.net,blackfalcon5.net,23-jun-2021,1624406400.0,
blackfalcon5.net,blackfalcon5.net,23-jun-2021,1624406400.0,
bookofkisl.com,bookofkisl.com,07-mar-2021,1615075200.0,
bookofkisl.com,bookofkisl.com,07-mar-2021,1615075200.0,
bracewellfamily.com,bracewellfamily.com,13-feb-2022,1644710400.0,
bracewellfamily.com,bracewellfamily.com,13-feb-2022,1644710400.0,
bride1.com,bride1.com,01-apr-2021,1617235200.0,
bride1.com,bride1.com,01-apr-2021,1617235200.0,
buildviet.info,buildviet.info,26-apr-2021,1619395200.0,
buildviet.info,buildviet.info,26-apr-2021,1619395200.0,
cacl.fr,cacl.fr,28-aug-2021,1630108800.0,
cacl.fr,cacl.fr,28-aug-2021,1630108800.0,
callingcardsinstantly.com,callingcardsinstantly.com,14-mar-2021,1615680000.0,
callingcardsinstantly.com,callingcardsinstantly.com,14-mar-2021,1615680000.0,
cannabislyric.com,cannabislyric.com,07-may-2021,1620345600.0,
cannabislyric.com,cannabislyric.com,07-may-2021,1620345600.0,
cellularbeton.it,cellularbeton.it,18-jul-2021,1626566400.0,
cellularbeton.it,cellularbeton.it,18-jul-2021,1626566400.0,
cerquasas.it,cerquasas.it,01-feb-2021,1612137600.0,
cerquasas.it,cerquasas.it,01-feb-2021,1612137600.0,
ceskarepublika.net,ceskarepublika.net,06-dec-2021,1638748800.0,
ceskarepublika.net,ceskarepublika.net,06-dec-2021,1638748800.0,
chiaperottipaolo.it,chiaperottipaolo.it,17-may-2021,1621209600.0,
chiaperottipaolo.it,chiaperottipaolo.it,17-may-2021,1621209600.0,
ciclismovalenciano.com,ciclismovalenciano.com,26-jul-2021,1627257600.0,
ciclismovalenciano.com,ciclismovalenciano.com,26-jul-2021,1627257600.0,
cifor.com,cifor.com,22-apr-2028,1839974400.0,
cifor.com,cifor.com,22-apr-2028,1839974400.0,
classicallyabsurdphotography.com,classicallyabsurdphotography.com,08-may-2021,1620432000.0,
classicallyabsurdphotography.com,classicallyabsurdphotography.com,08-may-2021,1620432000.0,
coloritpak.by,coloritpak.by,10-aug-2021,1628553600.0,
coloritpak.by,coloritpak.by,10-aug-2021,1628553600.0,
conds.ru,conds.ru,04-sep-2021,1630713600.0,
conds.ru,conds.ru,04-sep-2021,1630713600.0,
consumeralternatives.org,consumeralternatives.org,29-jan-2021,1611878400.0,
consumeralternatives.org,consumeralternatives.org,29-jan-2021,1611878400.0,
cortesidesign.com,cortesidesign.com,21-mar-2021,1616284800.0,
cortesidesign.com,cortesidesign.com,21-mar-2021,1616284800.0,
crackzone.net,crackzone.net,22-mar-2021,1616371200.0,
crackzone.net,crackzone.net,22-mar-2021,1616371200.0,
creditbootcamp.com,creditbootcamp.com,02-mar-2021,1614643200.0,
creditbootcamp.com,creditbootcamp.com,02-mar-2021,1614643200.0,
cudacorp.com,cudacorp.com,29-mar-2021,1616976000.0,
cudacorp.com,cudacorp.com,29-mar-2021,1616976000.0,
customsboysint.com,customsboysint.com,17-jul-2021,1626480000.0,
customsboysint.com,customsboysint.com,17-jul-2021,1626480000.0,
dawnframing.com,dawnframing.com,17-jul-2021,1626480000.0,
dawnframing.com,dawnframing.com,17-jul-2021,1626480000.0,
dcanscapital.co.uk,dcanscapital.co.uk,19-jun-2021,1624060800.0,
dcanscapital.co.uk,dcanscapital.co.uk,19-jun-2021,1624060800.0,
decografix.com,decografix.com,17-feb-2021,1613520000.0,
decografix.com,decografix.com,17-feb-2021,1613520000.0,
del-marine.com,del-marine.com,04-may-2021,1620086400.0,
del-marine.com,del-marine.com,04-may-2021,1620086400.0,
deleondeos.com,deleondeos.com,05-may-2021,1620172800.0,
deleondeos.com,deleondeos.com,05-may-2021,1620172800.0,
dentairemalin.com,dentairemalin.com,13-aug-2021,1628812800.0,
dentairemalin.com,dentairemalin.com,13-aug-2021,1628812800.0,
dianepiette.co.uk,dianepiette.co.uk,08-feb-2021,1612742400.0,
dianepiette.co.uk,dianepiette.co.uk,08-feb-2021,1612742400.0,
dieutribenhkhop.com,dieutribenhkhop.com,06-may-2021,1620259200.0,
dieutribenhkhop.com,dieutribenhkhop.com,06-may-2021,1620259200.0,
dimenal.com.br,dimenal.com.br,06-apr-2021,1617667200.0,
dimenal.com.br,dimenal.com.br,06-apr-2021,1617667200.0,
dimsnetwork.com,dimsnetwork.com,25-feb-2021,1614211200.0,
dimsnetwork.com,dimsnetwork.com,25-feb-2021,1614211200.0,
directxex.com,directxex.com,17-jul-2021,1626480000.0,
directxex.com,directxex.com,17-jul-2021,1626480000.0,
doctor-alex.com,doctor-alex.com,26-apr-2021,1619395200.0,
doctor-alex.com,doctor-alex.com,26-apr-2021,1619395200.0,
donneuropa.it,donneuropa.it,28-may-2021,1622160000.0,
donneuropa.it,donneuropa.it,28-may-2021,1622160000.0,
dougmlee.com,dougmlee.com,14-jun-2021,1623628800.0,
dougmlee.com,dougmlee.com,14-jun-2021,1623628800.0,
download-archiver.ru,download-archiver.ru,24-feb-2021,1614124800.0,
download-archiver.ru,download-archiver.ru,24-feb-2021,1614124800.0,
downloaddirect.com,downloaddirect.com,28-feb-2021,1614470400.0,
downloaddirect.com,downloaddirect.com,28-feb-2021,1614470400.0,
e1r.net,e1r.net,31-jan-2021,1612051200.0,
e1r.net,e1r.net,31-jan-2021,1612051200.0,
earthcontrolsys.com,earthcontrolsys.com,25-jun-2023,1687651200.0,
earthcontrolsys.com,earthcontrolsys.com,25-jun-2023,1687651200.0,
eeps.me,eeps.me,26-aug-2021,1629936000.0,
eeps.me,eeps.me,26-aug-2021,1629936000.0,
elmissouri.fr,elmissouri.fr,10-feb-2021,1612915200.0,
elmissouri.fr,elmissouri.fr,10-feb-2021,1612915200.0,
eternitymobiles.com,eternitymobiles.com,10-sep-2021,1631232000.0,
eternitymobiles.com,eternitymobiles.com,10-sep-2021,1631232000.0,
euro-vertrieb.com,euro-vertrieb.com,29-mar-2021,1616976000.0,
euro-vertrieb.com,euro-vertrieb.com,29-mar-2021,1616976000.0,
falconsafe.com.sg,falconsafe.com.sg,02-apr-2021,1617321600.0,
falconsafe.com.sg,falconsafe.com.sg,02-apr-2021,1617321600.0,
family-partners.fr,family-partners.fr,26-aug-2021,1629936000.0,
family-partners.fr,family-partners.fr,26-aug-2021,1629936000.0,
fasadobygg.com,fasadobygg.com,24-feb-2021,1614124800.0,
fasadobygg.com,fasadobygg.com,24-feb-2021,1614124800.0,
feiyang163.com,feiyang163.com,05-apr-2021,1617580800.0,
feiyang163.com,feiyang163.com,05-apr-2021,1617580800.0,
fiduciariobajio.com.mx,fiduciariobajio.com.mx,05-jul-2026,1783209600.0,
fiduciariobajio.com.mx,fiduciariobajio.com.mx,05-jul-2026,1783209600.0,
finnhair.co.uk,finnhair.co.uk,01-may-2023,1682899200.0,
finnhair.co.uk,finnhair.co.uk,01-may-2023,1682899200.0,
firehouse651.com,firehouse651.com,02-aug-2021,1627862400.0,
firehouse651.com,firehouse651.com,02-aug-2021,1627862400.0,
flowtec.com.br,flowtec.com.br,23-oct-2021,1634947200.0,
flowtec.com.br,flowtec.com.br,23-oct-2021,1634947200.0,
fondazioneciampi.org,fondazioneciampi.org,18-jun-2021,1623974400.0,
fondazioneciampi.org,fondazioneciampi.org,18-jun-2021,1623974400.0,
formessengers.com,formessengers.com,04-may-2021,1620086400.0,
formessengers.com,formessengers.com,04-may-2021,1620086400.0,
fotoidea.com,fotoidea.com,11-jul-2021,1625961600.0,
fotoidea.com,fotoidea.com,11-jul-2021,1625961600.0,
fourthgate.org,fourthgate.org,06-apr-2021,1617667200.0,
fourthgate.org,fourthgate.org,06-apr-2021,1617667200.0,
free-crochet-pattern.com,free-crochet-pattern.com,08-mar-2021,1615161600.0,
free-crochet-pattern.com,free-crochet-pattern.com,08-mar-2021,1615161600.0,
freeserials.ws,freeserials.ws,07-mar-2021,1615075200.0,
freeserials.ws,freeserials.ws,07-mar-2021,1615075200.0,
freewebtown.com,freewebtown.com,06-mar-2025,1741219200.0,
freewebtown.com,freewebtown.com,06-mar-2025,1741219200.0,
galileounaluna.com,galileounaluna.com,28-apr-2021,1619568000.0,
galileounaluna.com,galileounaluna.com,28-apr-2021,1619568000.0,
gameangel.com,gameangel.com,28-aug-2021,1630108800.0,
gameangel.com,gameangel.com,28-aug-2021,1630108800.0,
generalchemicalsupply.com,generalchemicalsupply.com,14-jan-2022,1642118400.0,
generalchemicalsupply.com,generalchemicalsupply.com,14-jan-2022,1642118400.0,
gennaroespositomilano.it,gennaroespositomilano.it,26-may-2021,1621987200.0,
gennaroespositomilano.it,gennaroespositomilano.it,26-may-2021,1621987200.0,
getdatanetukscan.info,getdatanetukscan.info,10-feb-2021,1612915200.0,
getdatanetukscan.info,getdatanetukscan.info,10-feb-2021,1612915200.0,
go-quicky.com,go-quicky.com,03-jun-2021,1622678400.0,
go-quicky.com,go-quicky.com,03-jun-2021,1622678400.0,
gogetgorgeous.com,gogetgorgeous.com,28-may-2021,1622160000.0,
gogetgorgeous.com,gogetgorgeous.com,28-may-2021,1622160000.0,
gosciniec-paproc.pl,gosciniec-paproc.pl,14-jun-2021,1623628800.0,
gosciniec-paproc.pl,gosciniec-paproc.pl,14-jun-2021,1623628800.0,
gravityexp.com,gravityexp.com,19-sep-2022,1663545600.0,
gravityexp.com,gravityexp.com,19-sep-2022,1663545600.0,
gredinatib.org,gredinatib.org,15-mar-2021,1615766400.0,
gredinatib.org,gredinatib.org,15-mar-2021,1615766400.0,
gulf-industrial.com,gulf-industrial.com,28-feb-2021,1614470400.0,
gulf-industrial.com,gulf-industrial.com,28-feb-2021,1614470400.0,
guyscards.com,guyscards.com,11-aug-2021,1628640000.0,
guyscards.com,guyscards.com,11-aug-2021,1628640000.0,
hanulsms.com,hanulsms.com,18-dec-2022,1671321600.0,
hanulsms.com,hanulsms.com,18-dec-2022,1671321600.0,
hardcorepornparty.com,hardcorepornparty.com,16-jul-2021,1626393600.0,
hardcorepornparty.com,hardcorepornparty.com,16-jul-2021,1626393600.0,
hausnet.ru,hausnet.ru,18-sep-2021,1631923200.0,
hausnet.ru,hausnet.ru,18-sep-2021,1631923200.0,
hinsib.com,hinsib.com,13-feb-2022,1644710400.0,
hinsib.com,hinsib.com,13-feb-2022,1644710400.0,
hjaoopoa.top,hjaoopoa.top,03-jul-2021,1625270400.0,
hjaoopoa.top,hjaoopoa.top,03-jul-2021,1625270400.0,
hobby-hangar.net,hobby-hangar.net,27-apr-2021,1619481600.0,
hobby-hangar.net,hobby-hangar.net,27-apr-2021,1619481600.0,
hoerbird.net,hoerbird.net,03-jun-2021,1622678400.0,
hoerbird.net,hoerbird.net,03-jun-2021,1622678400.0,
hotfacesitting.com,hotfacesitting.com,28-feb-2021,1614470400.0,
hotfacesitting.com,hotfacesitting.com,28-feb-2021,1614470400.0,
hydraulicpowerpack.com,hydraulicpowerpack.com,10-feb-2021,1612915200.0,
hydraulicpowerpack.com,hydraulicpowerpack.com,10-feb-2021,1612915200.0,
img001.com,img001.com,09-feb-2021,1612828800.0,
img001.com,img001.com,09-feb-2021,1612828800.0,
impressoras-cartoes.com.pt,impressoras-cartoes.com.pt,28-feb-2021,1614470400.0,
impressoras-cartoes.com.pt,impressoras-cartoes.com.pt,28-feb-2021,1614470400.0,
inclusivediversity.co.uk,inclusivediversity.co.uk,30-oct-2022,1667088000.0,
inclusivediversity.co.uk,inclusivediversity.co.uk,30-oct-2022,1667088000.0,
incoctel.cl,incoctel.cl,08-mar-2021,1615161600.0,
incoctel.cl,incoctel.cl,08-mar-2021,1615161600.0,
inlinea.co.uk,inlinea.co.uk,18-jul-2021,1626566400.0,
inlinea.co.uk,inlinea.co.uk,18-jul-2021,1626566400.0,
innatek.com,innatek.com,04-jun-2021,1622764800.0,
innatek.com,innatek.com,04-jun-2021,1622764800.0,
ipl.hk,ipl.hk,03-jun-2024,1717372800.0,
ipl.hk,ipl.hk,03-jun-2024,1717372800.0,
jdfabrication.com,jdfabrication.com,11-nov-2022,1668124800.0,
jdfabrication.com,jdfabrication.com,11-nov-2022,1668124800.0,
josip-stadler.org,josip-stadler.org,03-apr-2021,1617408000.0,
josip-stadler.org,josip-stadler.org,03-apr-2021,1617408000.0,
kadirzerey.com,kadirzerey.com,16-apr-2021,1618531200.0,
kadirzerey.com,kadirzerey.com,16-apr-2021,1618531200.0,
kadman.net,kadman.net,09-jun-2021,1623196800.0,
kadman.net,kadman.net,09-jun-2021,1623196800.0,
kapcotool.com,kapcotool.com,12-nov-2025,1762905600.0,
kapcotool.com,kapcotool.com,12-nov-2025,1762905600.0,
kassabravo.com,kassabravo.com,21-aug-2021,1629504000.0,
kassabravo.com,kassabravo.com,21-aug-2021,1629504000.0,
kids-fashion.dk,kids-fashion.dk,31-aug-2024,1725062400.0,
kids-fashion.dk,kids-fashion.dk,31-aug-2024,1725062400.0,
kipasdenim.com,kipasdenim.com,13-nov-2022,1668297600.0,
kipasdenim.com,kipasdenim.com,13-nov-2022,1668297600.0,
kjbbc.net,kjbbc.net,01-sep-2023,1693526400.0,
kjbbc.net,kjbbc.net,01-sep-2023,1693526400.0,
landisbaptist.com,landisbaptist.com,14-may-2021,1620950400.0,
landisbaptist.com,landisbaptist.com,14-may-2021,1620950400.0,
lccl.org.uk,lccl.org.uk,17-jun-2021,1623888000.0,
lccl.org.uk,lccl.org.uk,17-jun-2021,1623888000.0,
legendsdtv.com,legendsdtv.com,04-jul-2021,1625356800.0,
legendsdtv.com,legendsdtv.com,04-jul-2021,1625356800.0,
litra.com.mk,litra.com.mk,20-apr-2023,1681948800.0,
litra.com.mk,litra.com.mk,20-apr-2023,1681948800.0,
luchtenbergdecor.com.br,luchtenbergdecor.com.br,06-jun-2021,1622937600.0,
luchtenbergdecor.com.br,luchtenbergdecor.com.br,06-jun-2021,1622937600.0,
luckyblank.info,luckyblank.info,25-jan-2021,1611532800.0,
luckyblank.info,luckyblank.info,25-jan-2021,1611532800.0,
luckyeffect.info,luckyeffect.info,30-jul-2021,1627603200.0,
luckyeffect.info,luckyeffect.info,30-jul-2021,1627603200.0,
luckyhalo.info,luckyhalo.info,25-jan-2021,1611532800.0,
luckyhalo.info,luckyhalo.info,25-jan-2021,1611532800.0,
luckyshine.info,luckyshine.info,03-apr-2021,1617408000.0,
luckyshine.info,luckyshine.info,03-apr-2021,1617408000.0,
luckytidy.info,luckytidy.info,03-apr-2021,1617408000.0,
luckytidy.info,luckytidy.info,03-apr-2021,1617408000.0,
mailboto.com,mailboto.com,16-feb-2021,1613433600.0,
mailboto.com,mailboto.com,16-feb-2021,1613433600.0,
malest.com,malest.com,30-jul-2021,1627603200.0,
malest.com,malest.com,30-jul-2021,1627603200.0,
manoske.com,manoske.com,05-feb-2021,1612483200.0,
manoske.com,manoske.com,05-feb-2021,1612483200.0,
mathenea.com,mathenea.com,08-may-2021,1620432000.0,
mathenea.com,mathenea.com,08-may-2021,1620432000.0,
merrymilkfoods.com,merrymilkfoods.com,09-jun-2021,1623196800.0,
merrymilkfoods.com,merrymilkfoods.com,09-jun-2021,1623196800.0,
metrocuadro.com.ve,metrocuadro.com.ve,08-may-2021,1620432000.0,
metrocuadro.com.ve,metrocuadro.com.ve,08-may-2021,1620432000.0,
milardi.it,milardi.it,25-jan-2021,1611532800.0,
milardi.it,milardi.it,25-jan-2021,1611532800.0,
ministerio-publi.info,ministerio-publi.info,14-jun-2021,1623628800.0,
ministerio-publi.info,ministerio-publi.info,14-jun-2021,1623628800.0,
mobatory.com,mobatory.com,10-jul-2021,1625875200.0,
mobatory.com,mobatory.com,10-jul-2021,1625875200.0,
monarchslo.com,monarchslo.com,26-jun-2021,1624665600.0,
monarchslo.com,monarchslo.com,26-jun-2021,1624665600.0,
mondoperaio.net,mondoperaio.net,17-may-2021,1621209600.0,
mondoperaio.net,mondoperaio.net,17-may-2021,1621209600.0,
morenews3.net,morenews3.net,17-jun-2021,1623888000.0,
morenews3.net,morenews3.net,17-jun-2021,1623888000.0,
motivacionyrelajacion.com,motivacionyrelajacion.com,13-apr-2021,1618272000.0,
motivacionyrelajacion.com,motivacionyrelajacion.com,13-apr-2021,1618272000.0,
moviedownloader.net,moviedownloader.net,23-jun-2021,1624406400.0,
moviedownloader.net,moviedownloader.net,23-jun-2021,1624406400.0,
ms11.net,ms11.net,28-may-2021,1622160000.0,
ms11.net,ms11.net,28-may-2021,1622160000.0,
mueller-holz-bau.com,mueller-holz-bau.com,06-may-2021,1620259200.0,
mueller-holz-bau.com,mueller-holz-bau.com,06-may-2021,1620259200.0,
mylabsrl.com,mylabsrl.com,29-apr-2021,1619654400.0,
mylabsrl.com,mylabsrl.com,29-apr-2021,1619654400.0,
myshopmarketim.com,myshopmarketim.com,17-may-2024,1715904000.0,
myshopmarketim.com,myshopmarketim.com,17-may-2024,1715904000.0,
nailbytes1.com,nailbytes1.com,20-feb-2021,1613779200.0,
nailbytes1.com,nailbytes1.com,20-feb-2021,1613779200.0,
neumashop.cl,neumashop.cl,24-may-2021,1621814400.0,
neumashop.cl,neumashop.cl,24-may-2021,1621814400.0,
nevergreen.net,nevergreen.net,20-jul-2021,1626739200.0,
nevergreen.net,nevergreen.net,20-jul-2021,1626739200.0,
nordiccountry.cz,nordiccountry.cz,13-jul-2024,1720828800.0,
nordiccountry.cz,nordiccountry.cz,13-jul-2024,1720828800.0,
nortonfire.co.uk,nortonfire.co.uk,28-jan-2021,1611792000.0,
nortonfire.co.uk,nortonfire.co.uk,28-jan-2021,1611792000.0,
notaverde.com,notaverde.com,25-apr-2021,1619308800.0,
notaverde.com,notaverde.com,25-apr-2021,1619308800.0,
nothingcompares.co.uk,nothingcompares.co.uk,15-feb-2022,1644883200.0,
nothingcompares.co.uk,nothingcompares.co.uk,15-feb-2022,1644883200.0,
nt-associates.com,nt-associates.com,08-feb-2021,1612742400.0,
nt-associates.com,nt-associates.com,08-feb-2021,1612742400.0,
nuptialimages.com,nuptialimages.com,10-apr-2021,1618012800.0,
nuptialimages.com,nuptialimages.com,10-apr-2021,1618012800.0,
obada-konstruktiwa.org,obada-konstruktiwa.org,18-jun-2021,1623974400.0,
obada-konstruktiwa.org,obada-konstruktiwa.org,18-jun-2021,1623974400.0,
ocpersian.com,ocpersian.com,18-feb-2021,1613606400.0,
ocpersian.com,ocpersian.com,18-feb-2021,1613606400.0,
officialrdr.com,officialrdr.com,30-apr-2021,1619740800.0,
officialrdr.com,officialrdr.com,30-apr-2021,1619740800.0,
ohiomm.com,ohiomm.com,06-oct-2021,1633478400.0,
ohiomm.com,ohiomm.com,06-oct-2021,1633478400.0,
oiluk.net,oiluk.net,19-jun-2021,1624060800.0,
oiluk.net,oiluk.net,19-jun-2021,1624060800.0,
okeanbg.com,okeanbg.com,26-jan-2021,1611619200.0,
okeanbg.com,okeanbg.com,26-jan-2021,1611619200.0,
omrdatacapture.com,omrdatacapture.com,25-jul-2021,1627171200.0,
omrdatacapture.com,omrdatacapture.com,25-jul-2021,1627171200.0,
onrio.com.br,onrio.com.br,12-may-2021,1620777600.0,
onrio.com.br,onrio.com.br,12-may-2021,1620777600.0,
optimization-methods.com,optimization-methods.com,27-may-2021,1622073600.0,
optimization-methods.com,optimization-methods.com,27-may-2021,1622073600.0,
outlinearray.com,outlinearray.com,17-jul-2021,1626480000.0,
outlinearray.com,outlinearray.com,17-jul-2021,1626480000.0,
panazan.ro,panazan.ro,20-aug-2021,1629417600.0,
panazan.ro,panazan.ro,20-aug-2021,1629417600.0,
pension-helene.cz,pension-helene.cz,21-apr-2021,1618963200.0,
pension-helene.cz,pension-helene.cz,21-apr-2021,1618963200.0,
perupuntocom.com,perupuntocom.com,22-jul-2021,1626912000.0,
perupuntocom.com,perupuntocom.com,22-jul-2021,1626912000.0,
petpleasers.ca,petpleasers.ca,31-jan-2021,1612051200.0,
petpleasers.ca,petpleasers.ca,31-jan-2021,1612051200.0,
pieiron.co.uk,pieiron.co.uk,13-jun-2021,1623542400.0,
pieiron.co.uk,pieiron.co.uk,13-jun-2021,1623542400.0,
pokachi.net,pokachi.net,25-may-2021,1621900800.0,
pokachi.net,pokachi.net,25-may-2021,1621900800.0,
portablevaporizer.com,portablevaporizer.com,09-apr-2021,1617926400.0,
portablevaporizer.com,portablevaporizer.com,09-apr-2021,1617926400.0,
portalfiremasters.com.br,portalfiremasters.com.br,09-jun-2021,1623196800.0,
portalfiremasters.com.br,portalfiremasters.com.br,09-jun-2021,1623196800.0,
pos-kupang.com,pos-kupang.com,18-apr-2022,1650240000.0,
pos-kupang.com,pos-kupang.com,18-apr-2022,1650240000.0,
potvaporizer.com,potvaporizer.com,06-feb-2022,1644105600.0,
potvaporizer.com,potvaporizer.com,06-feb-2022,1644105600.0,
pradakomechanicals.com,pradakomechanicals.com,09-aug-2025,1754697600.0,
pradakomechanicals.com,pradakomechanicals.com,09-aug-2025,1754697600.0,
proascolcolombia.com,proascolcolombia.com,08-jul-2021,1625702400.0,
proascolcolombia.com,proascolcolombia.com,08-jul-2021,1625702400.0,
professionalblackbook.com,professionalblackbook.com,18-jun-2021,1623974400.0,
professionalblackbook.com,professionalblackbook.com,18-jun-2021,1623974400.0,
profill-smd.com,profill-smd.com,16-aug-2022,1660608000.0,
profill-smd.com,profill-smd.com,16-aug-2022,1660608000.0,
progettocrea.org,progettocrea.org,14-jan-2022,1642118400.0,
progettocrea.org,progettocrea.org,14-jan-2022,1642118400.0,
propan.ru,propan.ru,10-may-2021,1620604800.0,
propan.ru,propan.ru,10-may-2021,1620604800.0,
prorodeosportmed.com,prorodeosportmed.com,17-may-2021,1621209600.0,
prorodeosportmed.com,prorodeosportmed.com,17-may-2021,1621209600.0,
puenteaereo.info,puenteaereo.info,08-jun-2021,1623110400.0,
puenteaereo.info,puenteaereo.info,08-jun-2021,1623110400.0,
purethc.com,purethc.com,16-jul-2021,1626393600.0,
purethc.com,purethc.com,16-jul-2021,1626393600.0,
purplehorses.net,purplehorses.net,09-feb-2021,1612828800.0,
purplehorses.net,purplehorses.net,09-feb-2021,1612828800.0,
pwvita.pl,pwvita.pl,08-may-2021,1620432000.0,
pwvita.pl,pwvita.pl,08-may-2021,1620432000.0,
racingandclassic.com,racingandclassic.com,30-jan-2021,1611964800.0,
racingandclassic.com,racingandclassic.com,30-jan-2021,1611964800.0,
realinnovation.com,realinnovation.com,23-jun-2021,1624406400.0,
realinnovation.com,realinnovation.com,23-jun-2021,1624406400.0,
rebeccacella.com,rebeccacella.com,23-may-2021,1621728000.0,
rebeccacella.com,rebeccacella.com,23-may-2021,1621728000.0,
rentfromart.com,rentfromart.com,15-nov-2022,1668470400.0,
rentfromart.com,rentfromart.com,15-nov-2022,1668470400.0,
resolvethem.com,resolvethem.com,14-feb-2021,1613260800.0,
resolvethem.com,resolvethem.com,14-feb-2021,1613260800.0,
revistaelite.com,revistaelite.com,19-jul-2021,1626652800.0,
revistaelite.com,revistaelite.com,19-jul-2021,1626652800.0,
riccardochinnici.it,riccardochinnici.it,23-apr-2021,1619136000.0,
riccardochinnici.it,riccardochinnici.it,23-apr-2021,1619136000.0,
ristoromontebasso.it,ristoromontebasso.it,28-mar-2021,1616889600.0,
ristoromontebasso.it,ristoromontebasso.it,28-mar-2021,1616889600.0,
roks.ua,roks.ua,25-feb-2021,1614211200.0,
roks.ua,roks.ua,25-feb-2021,1614211200.0,
roltek.com.tr,roltek.com.tr,23-apr-2021,1619136000.0,
roltek.com.tr,roltek.com.tr,23-apr-2021,1619136000.0,
rupor.info,rupor.info,03-sep-2021,1630627200.0,
rupor.info,rupor.info,03-sep-2021,1630627200.0,
sanseracingteam.com,sanseracingteam.com,16-may-2021,1621123200.0,
sanseracingteam.com,sanseracingteam.com,16-may-2021,1621123200.0,
sasson-cpa.co.il,sasson-cpa.co.il,19-apr-2021,1618790400.0,
sasson-cpa.co.il,sasson-cpa.co.il,19-apr-2021,1618790400.0,
sbo.it,sbo.it,03-jul-2021,1625270400.0,
sbo.it,sbo.it,03-jul-2021,1625270400.0,
scanmyphones.com,scanmyphones.com,14-jun-2021,1623628800.0,
scanmyphones.com,scanmyphones.com,14-jun-2021,1623628800.0,
scantanzania.com,scantanzania.com,05-jun-2021,1622851200.0,
scantanzania.com,scantanzania.com,05-jun-2021,1622851200.0,
secondome.com,secondome.com,03-aug-2021,1627948800.0,
secondome.com,secondome.com,03-aug-2021,1627948800.0,
semiyun.com,semiyun.com,28-mar-2021,1616889600.0,
semiyun.com,semiyun.com,28-mar-2021,1616889600.0,
sentrol.cl,sentrol.cl,28-jan-2021,1611792000.0,
sentrol.cl,sentrol.cl,28-jan-2021,1611792000.0,
seoholding.com,seoholding.com,22-aug-2021,1629590400.0,
seoholding.com,seoholding.com,22-aug-2021,1629590400.0,
seonetwizard.com,seonetwizard.com,30-mar-2021,1617062400.0,
seonetwizard.com,seonetwizard.com,30-mar-2021,1617062400.0,
sieltre.it,sieltre.it,24-mar-2021,1616544000.0,
sieltre.it,sieltre.it,24-mar-2021,1616544000.0,
skidki-yuga.ru,skidki-yuga.ru,17-jul-2021,1626480000.0,
skidki-yuga.ru,skidki-yuga.ru,17-jul-2021,1626480000.0,
slightlyoffcenter.net,slightlyoffcenter.net,18-feb-2021,1613606400.0,
slightlyoffcenter.net,slightlyoffcenter.net,18-feb-2021,1613606400.0,
somnoy.com,somnoy.com,26-feb-2021,1614297600.0,
somnoy.com,somnoy.com,26-feb-2021,1614297600.0,
sonnoli.com,sonnoli.com,14-aug-2021,1628899200.0,
sonnoli.com,sonnoli.com,14-aug-2021,1628899200.0,
spatsz.com,spatsz.com,09-mar-2021,1615248000.0,
spatsz.com,spatsz.com,09-mar-2021,1615248000.0,
spekband.com,spekband.com,26-jul-2021,1627257600.0,
spekband.com,spekband.com,26-jul-2021,1627257600.0,
spris.com,spris.com,29-aug-2021,1630195200.0,
spris.com,spris.com,29-aug-2021,1630195200.0,
studiolegaleabbruzzese.com,studiolegaleabbruzzese.com,25-feb-2021,1614211200.0,
studiolegaleabbruzzese.com,studiolegaleabbruzzese.com,25-feb-2021,1614211200.0,
sunlux.net,sunlux.net,13-apr-2022,1649808000.0,
sunlux.net,sunlux.net,13-apr-2022,1649808000.0,
t-gas.co.uk,t-gas.co.uk,06-feb-2021,1612569600.0,
t-gas.co.uk,t-gas.co.uk,06-feb-2021,1612569600.0,
tamilcm.com,tamilcm.com,30-apr-2021,1619740800.0,
tamilcm.com,tamilcm.com,30-apr-2021,1619740800.0,
tendersource.com,tendersource.com,14-feb-2021,1613260800.0,
tendersource.com,tendersource.com,14-feb-2021,1613260800.0,
thcextractor.com,thcextractor.com,06-feb-2022,1644105600.0,
thcextractor.com,thcextractor.com,06-feb-2022,1644105600.0,
thcvaporizer.com,thcvaporizer.com,06-feb-2021,1612569600.0,
thcvaporizer.com,thcvaporizer.com,06-feb-2021,1612569600.0,
thefxarchive.com,thefxarchive.com,27-jul-2021,1627344000.0,
thefxarchive.com,thefxarchive.com,27-jul-2021,1627344000.0,
thesparkmachine.com,thesparkmachine.com,07-nov-2024,1730937600.0,
thesparkmachine.com,thesparkmachine.com,07-nov-2024,1730937600.0,
thewinesteward.com,thewinesteward.com,24-aug-2025,1755993600.0,
thewinesteward.com,thewinesteward.com,24-aug-2025,1755993600.0,
tomalinoalambres.com.ar,tomalinoalambres.com.ar,21-may-2021,1621555200.0,
tomalinoalambres.com.ar,tomalinoalambres.com.ar,21-may-2021,1621555200.0,
toochattoo.com,toochattoo.com,19-feb-2021,1613692800.0,
toochattoo.com,toochattoo.com,19-feb-2021,1613692800.0,
tpt.edu.in,tpt.edu.in,30-apr-2028,1840665600.0,
tpt.edu.in,tpt.edu.in,30-apr-2028,1840665600.0,
trafficgrowth.com,trafficgrowth.com,16-jun-2021,1623801600.0,
trafficgrowth.com,trafficgrowth.com,16-jun-2021,1623801600.0,
treventuresonline.com,treventuresonline.com,16-apr-2021,1618531200.0,
treventuresonline.com,treventuresonline.com,16-apr-2021,1618531200.0,
tvnews.or.kr,tvnews.or.kr,12-jul-2021,1626048000.0,
tvnews.or.kr,tvnews.or.kr,12-jul-2021,1626048000.0,
typeofmarijuana.com,typeofmarijuana.com,06-feb-2021,1612569600.0,
typeofmarijuana.com,typeofmarijuana.com,06-feb-2021,1612569600.0,
unalbilgisayar.com,unalbilgisayar.com,28-aug-2022,1661644800.0,
unalbilgisayar.com,unalbilgisayar.com,28-aug-2022,1661644800.0,
undefined.it,undefined.it,16-mar-2021,1615852800.0,
undefined.it,undefined.it,16-mar-2021,1615852800.0,
unicaitaly.it,unicaitaly.it,21-mar-2021,1616284800.0,
unicaitaly.it,unicaitaly.it,21-mar-2021,1616284800.0,
upswings.net,upswings.net,19-aug-2021,1629331200.0,
upswings.net,upswings.net,19-aug-2021,1629331200.0,
uriyuri.com,uriyuri.com,03-jan-2023,1672704000.0,
uriyuri.com,uriyuri.com,03-jan-2023,1672704000.0,
usaenterprise.com,usaenterprise.com,03-jun-2021,1622678400.0,
usaenterprise.com,usaenterprise.com,03-jun-2021,1622678400.0,
vernoblisk.com,vernoblisk.com,11-nov-2023,1699660800.0,
vernoblisk.com,vernoblisk.com,11-nov-2023,1699660800.0,
vertourmer.com,vertourmer.com,02-jul-2021,1625184000.0,
vertourmer.com,vertourmer.com,02-jul-2021,1625184000.0,
villalecchi.com,villalecchi.com,01-feb-2021,1612137600.0,
villalecchi.com,villalecchi.com,01-feb-2021,1612137600.0,
vitamasaz.pl,vitamasaz.pl,27-jul-2021,1627344000.0,
vitamasaz.pl,vitamasaz.pl,27-jul-2021,1627344000.0,
vivaweb.org,vivaweb.org,27-feb-2021,1614384000.0,
vivaweb.org,vivaweb.org,27-feb-2021,1614384000.0,
vmay.com,vmay.com,08-jun-2021,1623110400.0,
vmay.com,vmay.com,08-jun-2021,1623110400.0,
vvvic.com,vvvic.com,11-may-2021,1620691200.0,
vvvic.com,vvvic.com,11-may-2021,1620691200.0,
warco.pl,warco.pl,17-oct-2021,1634428800.0,
warco.pl,warco.pl,17-oct-2021,1634428800.0,
web-olymp.ru,web-olymp.ru,26-aug-2021,1629936000.0,
web-olymp.ru,web-olymp.ru,26-aug-2021,1629936000.0,
webcashmaker.com,webcashmaker.com,16-feb-2021,1613433600.0,
webcashmaker.com,webcashmaker.com,16-feb-2021,1613433600.0,
webordermanager.com,webordermanager.com,21-apr-2021,1618963200.0,
webordermanager.com,webordermanager.com,21-apr-2021,1618963200.0,
websalesusa.com,websalesusa.com,21-oct-2021,1634774400.0,
websalesusa.com,websalesusa.com,21-oct-2021,1634774400.0,
widestep.com,widestep.com,09-mar-2022,1646784000.0,
widestep.com,widestep.com,09-mar-2022,1646784000.0,
wildsap.com,wildsap.com,22-mar-2021,1616371200.0,
wildsap.com,wildsap.com,22-mar-2021,1616371200.0,
winrar-soft.ru,winrar-soft.ru,08-mar-2021,1615161600.0,
winrar-soft.ru,winrar-soft.ru,08-mar-2021,1615161600.0,
wkmg.co.kr,wkmg.co.kr,08-jun-2023,1686182400.0,
wkmg.co.kr,wkmg.co.kr,08-jun-2023,1686182400.0,
wmserver.net,wmserver.net,03-apr-2021,1617408000.0,
wmserver.net,wmserver.net,03-apr-2021,1617408000.0,
womenslabour.org,womenslabour.org,27-mar-2021,1616803200.0,
womenslabour.org,womenslabour.org,27-mar-2021,1616803200.0,
wroclawski.com.pl,wroclawski.com.pl,11-jul-2021,1625961600.0,
wroclawski.com.pl,wroclawski.com.pl,11-jul-2021,1625961600.0,
wv-law.com,wv-law.com,18-aug-2021,1629244800.0,
wv-law.com,wv-law.com,18-aug-2021,1629244800.0,
youtuhe.com,youtuhe.com,07-jun-2021,1623024000.0,
youtuhe.com,youtuhe.com,07-jun-2021,1623024000.0,
zatzy.com,zatzy.com,24-apr-2021,1619222400.0,
zatzy.com,zatzy.com,24-apr-2021,1619222400.0,
zctei.com,zctei.com,13-apr-2021,1618272000.0,
zctei.com,zctei.com,13-apr-2021,1618272000.0,
zgsysz.com,zgsysz.com,02-aug-2021,1627862400.0,
zgsysz.com,zgsysz.com,02-aug-2021,1627862400.0,
zyxyfy.com,zyxyfy.com,11-may-2022,1652227200.0,
zyxyfy.com,zyxyfy.com,11-may-2022,1652227200.0,
4dexports.com,4dexports.com,25-dec-2021,1640390400.0,
4dexports.com,4dexports.com,25-dec-2021,1640390400.0,
999fitness.com,999fitness.com,21-jan-2022,1642723200.0,
999fitness.com,999fitness.com,21-jan-2022,1642723200.0,
triangleservicesltd.com,triangleservicesltd.com,08-may-2025,1746662400.0,
triangleservicesltd.com,triangleservicesltd.com,08-may-2025,1746662400.0,
agsteier.com,agsteier.com,16-oct-2021,1634342400.0,
agsteier.com,agsteier.com,16-oct-2021,1634342400.0,
airsonett.se,airsonett.se,26-sep-2021,1632614400.0,
airsonett.se,airsonett.se,26-sep-2021,1632614400.0,
ajewishgift.com,ajewishgift.com,01-jan-2022,1640995200.0,
ajewishgift.com,ajewishgift.com,01-jan-2022,1640995200.0,
alegroup.info,alegroup.info,13-sep-2021,1631491200.0,
alegroup.info,alegroup.info,13-sep-2021,1631491200.0,
alisat.biz,alisat.biz,06-nov-2021,1636156800.0,
alisat.biz,alisat.biz,06-nov-2021,1636156800.0,
alphamedical02.fr,alphamedical02.fr,26-sep-2021,1632614400.0,
alphamedical02.fr,alphamedical02.fr,26-sep-2021,1632614400.0,
alsoknowsit.com,alsoknowsit.com,29-oct-2021,1635465600.0,
alsoknowsit.com,alsoknowsit.com,29-oct-2021,1635465600.0,
amazingvacationhotels.com,amazingvacationhotels.com,25-nov-2021,1637798400.0,
amazingvacationhotels.com,amazingvacationhotels.com,25-nov-2021,1637798400.0,
archigate.it,archigate.it,09-nov-2021,1636416000.0,
archigate.it,archigate.it,09-nov-2021,1636416000.0,
art-archiv.ru,art-archiv.ru,30-dec-2021,1640822400.0,
art-archiv.ru,art-archiv.ru,30-dec-2021,1640822400.0,
axisbuild.com,axisbuild.com,07-dec-2021,1638835200.0,
axisbuild.com,axisbuild.com,07-dec-2021,1638835200.0,
best100catfights.com,best100catfights.com,17-dec-2021,1639699200.0,
best100catfights.com,best100catfights.com,17-dec-2021,1639699200.0,
broadtech.co,broadtech.co,06-nov-2021,1636156800.0,
broadtech.co,broadtech.co,06-nov-2021,1636156800.0,
buffalogoesout.com,buffalogoesout.com,21-dec-2021,1640044800.0,
buffalogoesout.com,buffalogoesout.com,21-dec-2021,1640044800.0,
by98.com,by98.com,23-jan-2022,1642896000.0,
by98.com,by98.com,23-jan-2022,1642896000.0,
cannabispicture.com,cannabispicture.com,11-jan-2022,1641859200.0,
cannabispicture.com,cannabispicture.com,11-jan-2022,1641859200.0,
catgallery.com,catgallery.com,14-nov-2021,1636848000.0,
catgallery.com,catgallery.com,14-nov-2021,1636848000.0,
ceisystems.it,ceisystems.it,05-sep-2021,1630800000.0,
ceisystems.it,ceisystems.it,05-sep-2021,1630800000.0,
classicspeedway.com,classicspeedway.com,14-oct-2022,1665705600.0,
classicspeedway.com,classicspeedway.com,14-oct-2022,1665705600.0,
coalimpex.com,coalimpex.com,04-jan-2022,1641254400.0,
coalimpex.com,coalimpex.com,04-jan-2022,1641254400.0,
coffeol.com,coffeol.com,22-nov-2021,1637539200.0,
coffeol.com,coffeol.com,22-nov-2021,1637539200.0,
cope.it,cope.it,27-oct-2021,1635292800.0,
cope.it,cope.it,27-oct-2021,1635292800.0,
cracks.vg,cracks.vg,15-oct-2021,1634256000.0,
cracks.vg,cracks.vg,15-oct-2021,1634256000.0,
crackspider.us,crackspider.us,16-dec-2021,1639612800.0,
crackspider.us,crackspider.us,16-dec-2021,1639612800.0,
cswilliamsburg.com,cswilliamsburg.com,07-nov-2022,1667779200.0,
cswilliamsburg.com,cswilliamsburg.com,07-nov-2022,1667779200.0,
dancecourt.com,dancecourt.com,22-sep-2021,1632268800.0,
dancecourt.com,dancecourt.com,22-sep-2021,1632268800.0,
daralasnan.com,daralasnan.com,18-dec-2021,1639785600.0,
daralasnan.com,daralasnan.com,18-dec-2021,1639785600.0,
deletespyware-adware.com,deletespyware-adware.com,24-jan-2022,1642982400.0,
deletespyware-adware.com,deletespyware-adware.com,24-jan-2022,1642982400.0,
diaryofagameaddict.com,diaryofagameaddict.com,22-jan-2022,1642809600.0,
diaryofagameaddict.com,diaryofagameaddict.com,22-jan-2022,1642809600.0,
dimarsbg.com,dimarsbg.com,13-dec-2021,1639353600.0,
dimarsbg.com,dimarsbg.com,13-dec-2021,1639353600.0,
drteachme.com,drteachme.com,11-jan-2022,1641859200.0,
drteachme.com,drteachme.com,11-jan-2022,1641859200.0,
eivamos.com,eivamos.com,22-nov-2021,1637539200.0,
eivamos.com,eivamos.com,22-nov-2021,1637539200.0,
eliehabib.com,eliehabib.com,24-oct-2021,1635033600.0,
eliehabib.com,eliehabib.com,24-oct-2021,1635033600.0,
emrlogistics.com,emrlogistics.com,28-dec-2021,1640649600.0,
emrlogistics.com,emrlogistics.com,28-dec-2021,1640649600.0,
enchantier.com,enchantier.com,23-jan-2022,1642896000.0,
enchantier.com,enchantier.com,23-jan-2022,1642896000.0,
fabioalbini.com,fabioalbini.com,12-jan-2022,1641945600.0,
fabioalbini.com,fabioalbini.com,12-jan-2022,1641945600.0,
faiyazahmed.com,faiyazahmed.com,15-dec-2021,1639526400.0,
faiyazahmed.com,faiyazahmed.com,15-dec-2021,1639526400.0,
fbku.com,fbku.com,22-oct-2022,1666396800.0,
fbku.com,fbku.com,22-oct-2022,1666396800.0,
femalewrestlingnow.com,femalewrestlingnow.com,22-sep-2021,1632268800.0,
femalewrestlingnow.com,femalewrestlingnow.com,22-sep-2021,1632268800.0,
fetishfitnessbabes.com,fetishfitnessbabes.com,17-dec-2021,1639699200.0,
fetishfitnessbabes.com,fetishfitnessbabes.com,17-dec-2021,1639699200.0,
fetishlocator.com,fetishlocator.com,04-jan-2022,1641254400.0,
fetishlocator.com,fetishlocator.com,04-jan-2022,1641254400.0,
freemao.com,freemao.com,11-jan-2022,1641859200.0,
freemao.com,freemao.com,11-jan-2022,1641859200.0,
frosinonewesternshow.it,frosinonewesternshow.it,04-nov-2021,1635984000.0,
frosinonewesternshow.it,frosinonewesternshow.it,04-nov-2021,1635984000.0,
funchill.com,funchill.com,18-nov-2021,1637193600.0,
funchill.com,funchill.com,18-nov-2021,1637193600.0,
gmcjjh.org,gmcjjh.org,07-dec-2021,1638835200.0,
gmcjjh.org,gmcjjh.org,07-dec-2021,1638835200.0,
gold-city.it,gold-city.it,05-sep-2021,1630800000.0,
gold-city.it,gold-city.it,05-sep-2021,1630800000.0,
harshwhispers.com,harshwhispers.com,14-sep-2021,1631577600.0,
harshwhispers.com,harshwhispers.com,14-sep-2021,1631577600.0,
hnskorea.co.kr,hnskorea.co.kr,15-oct-2021,1634256000.0,
hnskorea.co.kr,hnskorea.co.kr,15-oct-2021,1634256000.0,
holishit.in,holishit.in,11-oct-2021,1633910400.0,
holishit.in,holishit.in,11-oct-2021,1633910400.0,
hotspot.cz,hotspot.cz,29-sep-2021,1632873600.0,
hotspot.cz,hotspot.cz,29-sep-2021,1632873600.0,
iamagameaddict.com,iamagameaddict.com,22-jan-2022,1642809600.0,
iamagameaddict.com,iamagameaddict.com,22-jan-2022,1642809600.0,
infra.by,infra.by,12-nov-2021,1636675200.0,
infra.by,infra.by,12-nov-2021,1636675200.0,
interactivearea.ru,interactivearea.ru,21-nov-2021,1637452800.0,
interactivearea.ru,interactivearea.ru,21-nov-2021,1637452800.0,
isonomia.com.ar,isonomia.com.ar,19-dec-2021,1639872000.0,
isonomia.com.ar,isonomia.com.ar,19-dec-2021,1639872000.0,
iybasketball.info,iybasketball.info,09-sep-2021,1631145600.0,
iybasketball.info,iybasketball.info,09-sep-2021,1631145600.0,
japanesevehicles.us,japanesevehicles.us,12-sep-2021,1631404800.0,
japanesevehicles.us,japanesevehicles.us,12-sep-2021,1631404800.0,
jcmarcadolib.com,jcmarcadolib.com,14-oct-2021,1634169600.0,
jcmarcadolib.com,jcmarcadolib.com,14-oct-2021,1634169600.0,
jeansvixens.com,jeansvixens.com,23-sep-2021,1632355200.0,
jeansvixens.com,jeansvixens.com,23-sep-2021,1632355200.0,
jessisjewels.com,jessisjewels.com,09-jan-2022,1641686400.0,
jessisjewels.com,jessisjewels.com,09-jan-2022,1641686400.0,
joomlalivechat.com,joomlalivechat.com,30-dec-2021,1640822400.0,
joomlalivechat.com,joomlalivechat.com,30-dec-2021,1640822400.0,
kalantzis.net,kalantzis.net,03-nov-2021,1635897600.0,
kalantzis.net,kalantzis.net,03-nov-2021,1635897600.0,
kcta.or.kr,kcta.or.kr,15-oct-2025,1760486400.0,
kcta.or.kr,kcta.or.kr,15-oct-2025,1760486400.0,
kollagen4you.se,kollagen4you.se,30-nov-2021,1638230400.0,
kollagen4you.se,kollagen4you.se,30-nov-2021,1638230400.0,
lostartofbeingadame.com,lostartofbeingadame.com,20-sep-2021,1632096000.0,
lostartofbeingadame.com,lostartofbeingadame.com,20-sep-2021,1632096000.0,
lowes-pianos-and-organs.com,lowes-pianos-and-organs.com,03-jan-2022,1641168000.0,
lowes-pianos-and-organs.com,lowes-pianos-and-organs.com,03-jan-2022,1641168000.0,
luckyclear.info,luckyclear.info,04-mar-2021,1614816000.0,
luckyclear.info,luckyclear.info,04-mar-2021,1614816000.0,
luckypure.info,luckypure.info,12-jan-2022,1641945600.0,
luckypure.info,luckypure.info,12-jan-2022,1641945600.0,
luckysuccess.info,luckysuccess.info,28-feb-2021,1614470400.0,
luckysuccess.info,luckysuccess.info,28-feb-2021,1614470400.0,
luckysure.info,luckysure.info,20-oct-2021,1634688000.0,
luckysure.info,luckysure.info,20-oct-2021,1634688000.0,
lyzgs.com,lyzgs.com,04-nov-2022,1667520000.0,
lyzgs.com,lyzgs.com,04-nov-2022,1667520000.0,
mahindrainsurance.com,mahindrainsurance.com,17-nov-2021,1637107200.0,
mahindrainsurance.com,mahindrainsurance.com,17-nov-2021,1637107200.0,
marinoderosas.com,marinoderosas.com,20-nov-2021,1637366400.0,
marinoderosas.com,marinoderosas.com,20-nov-2021,1637366400.0,
maxisoft.co.uk,maxisoft.co.uk,20-oct-2021,1634688000.0,
maxisoft.co.uk,maxisoft.co.uk,20-oct-2021,1634688000.0,
milleniumpapelaria.com.br,milleniumpapelaria.com.br,03-sep-2021,1630627200.0,
milleniumpapelaria.com.br,milleniumpapelaria.com.br,03-sep-2021,1630627200.0,
mirandolasrl.it,mirandolasrl.it,15-nov-2021,1636934400.0,
mirandolasrl.it,mirandolasrl.it,15-nov-2021,1636934400.0,
mmile.com,mmile.com,26-oct-2021,1635206400.0,
mmile.com,mmile.com,26-oct-2021,1635206400.0,
montacarichi.it,montacarichi.it,12-may-2021,1620777600.0,
montacarichi.it,montacarichi.it,12-may-2021,1620777600.0,
nadegda-95.ru,nadegda-95.ru,14-sep-2021,1631577600.0,
nadegda-95.ru,nadegda-95.ru,14-sep-2021,1631577600.0,
networkmedical.com.hk,networkmedical.com.hk,02-oct-2021,1633132800.0,
networkmedical.com.hk,networkmedical.com.hk,02-oct-2021,1633132800.0,
nmsbaseball.com,nmsbaseball.com,23-jan-2022,1642896000.0,
nmsbaseball.com,nmsbaseball.com,23-jan-2022,1642896000.0,
noobgirls.com,noobgirls.com,22-oct-2021,1634860800.0,
noobgirls.com,noobgirls.com,22-oct-2021,1634860800.0,
noveslovo.com,noveslovo.com,12-dec-2021,1639267200.0,
noveslovo.com,noveslovo.com,12-dec-2021,1639267200.0,
nowina.info,nowina.info,07-nov-2021,1636243200.0,
nowina.info,nowina.info,07-nov-2021,1636243200.0,
nudebeachgalleries.net,nudebeachgalleries.net,23-dec-2021,1640217600.0,
nudebeachgalleries.net,nudebeachgalleries.net,23-dec-2021,1640217600.0,
nutnet.ir,nutnet.ir,02-sep-2021,1630540800.0,
nutnet.ir,nutnet.ir,02-sep-2021,1630540800.0,
nuvon.com,nuvon.com,04-jan-2022,1641254400.0,
nuvon.com,nuvon.com,04-jan-2022,1641254400.0,
obkom.net.ua,obkom.net.ua,15-nov-2021,1636934400.0,
obkom.net.ua,obkom.net.ua,15-nov-2021,1636934400.0,
offerent.com,offerent.com,02-nov-2021,1635811200.0,
offerent.com,offerent.com,02-nov-2021,1635811200.0,
oknarai.ru,oknarai.ru,25-dec-2021,1640390400.0,
oknarai.ru,oknarai.ru,25-dec-2021,1640390400.0,
oprahsearch.com,oprahsearch.com,31-oct-2021,1635638400.0,
oprahsearch.com,oprahsearch.com,31-oct-2021,1635638400.0,
outporn.com,outporn.com,19-nov-2021,1637280000.0,
outporn.com,outporn.com,19-nov-2021,1637280000.0,
paraskov.com,paraskov.com,06-dec-2021,1638748800.0,
paraskov.com,paraskov.com,06-dec-2021,1638748800.0,
pgathailand.com,pgathailand.com,31-oct-2021,1635638400.0,
pgathailand.com,pgathailand.com,31-oct-2021,1635638400.0,
phitenmy.com,phitenmy.com,20-oct-2021,1634688000.0,
phitenmy.com,phitenmy.com,20-oct-2021,1634688000.0,
portraitphotographygroup.com,portraitphotographygroup.com,18-jan-2022,1642464000.0,
portraitphotographygroup.com,portraitphotographygroup.com,18-jan-2022,1642464000.0,
powershopnet.net,powershopnet.net,24-oct-2021,1635033600.0,
powershopnet.net,powershopnet.net,24-oct-2021,1635033600.0,
pride-u-bike.com,pride-u-bike.com,07-oct-2021,1633564800.0,
pride-u-bike.com,pride-u-bike.com,07-oct-2021,1633564800.0,
quotidiennokoue.com,quotidiennokoue.com,10-dec-2021,1639094400.0,
quotidiennokoue.com,quotidiennokoue.com,10-dec-2021,1639094400.0,
rallyeair.com,rallyeair.com,25-sep-2021,1632528000.0,
rallyeair.com,rallyeair.com,25-sep-2021,1632528000.0,
reclamus.com,reclamus.com,12-dec-2021,1639267200.0,
reclamus.com,reclamus.com,12-dec-2021,1639267200.0,
roorbong.com,roorbong.com,15-sep-2021,1631664000.0,
roorbong.com,roorbong.com,15-sep-2021,1631664000.0,
rsiuk.co.uk,rsiuk.co.uk,04-dec-2022,1670112000.0,
rsiuk.co.uk,rsiuk.co.uk,04-dec-2022,1670112000.0,
rubiks.ca,rubiks.ca,06-jan-2022,1641427200.0,
rubiks.ca,rubiks.ca,06-jan-2022,1641427200.0,
ruiyangcn.com,ruiyangcn.com,30-sep-2021,1632960000.0,
ruiyangcn.com,ruiyangcn.com,30-sep-2021,1632960000.0,
sadiqtv.com,sadiqtv.com,14-oct-2021,1634169600.0,
sadiqtv.com,sadiqtv.com,14-oct-2021,1634169600.0,
saemark.is,saemark.is,01-dec-2021,1638316800.0,
saemark.is,saemark.is,01-dec-2021,1638316800.0,
salentoeasy.it,salentoeasy.it,21-dec-2021,1640044800.0,
salentoeasy.it,salentoeasy.it,21-dec-2021,1640044800.0,
santacruzsuspension.com,santacruzsuspension.com,17-dec-2023,1702771200.0,
santacruzsuspension.com,santacruzsuspension.com,17-dec-2023,1702771200.0,
sarahdaniella.com,sarahdaniella.com,09-jan-2022,1641686400.0,
sarahdaniella.com,sarahdaniella.com,09-jan-2022,1641686400.0,
securitywebservices.com,securitywebservices.com,08-dec-2021,1638921600.0,
securitywebservices.com,securitywebservices.com,08-dec-2021,1638921600.0,
semengineers.com,semengineers.com,14-sep-2021,1631577600.0,
semengineers.com,semengineers.com,14-sep-2021,1631577600.0,
sexyoilwrestling.com,sexyoilwrestling.com,22-sep-2021,1632268800.0,
sexyoilwrestling.com,sexyoilwrestling.com,22-sep-2021,1632268800.0,
silurian.cn,silurian.cn,29-dec-2021,1640736000.0,
silurian.cn,silurian.cn,29-dec-2021,1640736000.0,
sitepalace.com,sitepalace.com,10-oct-2021,1633824000.0,
sitepalace.com,sitepalace.com,10-oct-2021,1633824000.0,
sj88.com,sj88.com,01-dec-2021,1638316800.0,
sj88.com,sj88.com,01-dec-2021,1638316800.0,
skgroup.kiev.ua,skgroup.kiev.ua,21-oct-2021,1634774400.0,
skgroup.kiev.ua,skgroup.kiev.ua,21-oct-2021,1634774400.0,
smartscan.ro,smartscan.ro,07-nov-2021,1636243200.0,
smartscan.ro,smartscan.ro,07-nov-2021,1636243200.0,
smrcek.com,smrcek.com,14-jan-2022,1642118400.0,
smrcek.com,smrcek.com,14-jan-2022,1642118400.0,
sn-gzzx.com,sn-gzzx.com,14-jan-2022,1642118400.0,
sn-gzzx.com,sn-gzzx.com,14-jan-2022,1642118400.0,
strangeduckfilms.com,strangeduckfilms.com,21-jan-2022,1642723200.0,
strangeduckfilms.com,strangeduckfilms.com,21-jan-2022,1642723200.0,
sudcom.org,sudcom.org,14-sep-2021,1631577600.0,
sudcom.org,sudcom.org,14-sep-2021,1631577600.0,
svetyivanrilski.com,svetyivanrilski.com,24-jan-2022,1642982400.0,
svetyivanrilski.com,svetyivanrilski.com,24-jan-2022,1642982400.0,
tavuks.com,tavuks.com,14-nov-2021,1636848000.0,
tavuks.com,tavuks.com,14-nov-2021,1636848000.0,
teameda.net,teameda.net,23-jan-2022,1642896000.0,
teameda.net,teameda.net,23-jan-2022,1642896000.0,
technix.it,technix.it,28-aug-2021,1630108800.0,
technix.it,technix.it,28-aug-2021,1630108800.0,
tecslide.com,tecslide.com,04-jan-2022,1641254400.0,
tecslide.com,tecslide.com,04-jan-2022,1641254400.0,
theweatherspace.com,theweatherspace.com,04-jan-2022,1641254400.0,
theweatherspace.com,theweatherspace.com,04-jan-2022,1641254400.0,
tk-gregoric.si,tk-gregoric.si,21-sep-2021,1632182400.0,
tk-gregoric.si,tk-gregoric.si,21-sep-2021,1632182400.0,
tophostbg.net,tophostbg.net,15-nov-2022,1668470400.0,
tophostbg.net,tophostbg.net,15-nov-2022,1668470400.0,
traff1.com,traff1.com,24-oct-2021,1635033600.0,
traff1.com,traff1.com,24-oct-2021,1635033600.0,
troytempest.com,troytempest.com,14-dec-2021,1639440000.0,
troytempest.com,troytempest.com,14-dec-2021,1639440000.0,
tubemoviez.com,tubemoviez.com,23-jan-2022,1642896000.0,
tubemoviez.com,tubemoviez.com,23-jan-2022,1642896000.0,
vinyljazzrecords.com,vinyljazzrecords.com,23-dec-2021,1640217600.0,
vinyljazzrecords.com,vinyljazzrecords.com,23-dec-2021,1640217600.0,
vipcpms.com,vipcpms.com,29-dec-2021,1640736000.0,
vipcpms.com,vipcpms.com,29-dec-2021,1640736000.0,
vistatech.us,vistatech.us,10-aug-2021,1628553600.0,
vistatech.us,vistatech.us,10-aug-2021,1628553600.0,
vivaimontina.com,vivaimontina.com,31-oct-2021,1635638400.0,
vivaimontina.com,vivaimontina.com,31-oct-2021,1635638400.0,
vroll.net,vroll.net,25-sep-2021,1632528000.0,
vroll.net,vroll.net,25-sep-2021,1632528000.0,
vural-electronic.com,vural-electronic.com,21-dec-2021,1640044800.0,
vural-electronic.com,vural-electronic.com,21-dec-2021,1640044800.0,
whitesports.co.kr,whitesports.co.kr,20-dec-2021,1639958400.0,
whitesports.co.kr,whitesports.co.kr,20-dec-2021,1639958400.0,
wigglewoo.com,wigglewoo.com,10-sep-2021,1631232000.0,
wigglewoo.com,wigglewoo.com,10-sep-2021,1631232000.0,
windspotter.net,windspotter.net,21-oct-2021,1634774400.0,
windspotter.net,windspotter.net,21-oct-2021,1634774400.0,
wp9.ru,wp9.ru,05-oct-2021,1633392000.0,
wp9.ru,wp9.ru,05-oct-2021,1633392000.0,
wrestlingexposed.com,wrestlingexposed.com,09-oct-2021,1633737600.0,
wrestlingexposed.com,wrestlingexposed.com,09-oct-2021,1633737600.0,
writingassociates.com,writingassociates.com,06-dec-2021,1638748800.0,
writingassociates.com,writingassociates.com,06-dec-2021,1638748800.0,
xindalawyer.com,xindalawyer.com,05-dec-2021,1638662400.0,
xindalawyer.com,xindalawyer.com,05-dec-2021,1638662400.0,
yougube.com,yougube.com,22-dec-2021,1640131200.0,
yougube.com,yougube.com,22-dec-2021,1640131200.0,
youtibe.com,youtibe.com,15-nov-2021,1636934400.0,
youtibe.com,youtibe.com,15-nov-2021,1636934400.0,
yumekin.com,yumekin.com,20-oct-2021,1634688000.0,
yumekin.com,yumekin.com,20-oct-2021,1634688000.0,
ywvcomputerprocess.info,ywvcomputerprocess.info,20-sep-2021,1632096000.0,
ywvcomputerprocess.info,ywvcomputerprocess.info,20-sep-2021,1632096000.0,
zkic.com,zkic.com,29-dec-2021,1640736000.0,
zkic.com,zkic.com,29-dec-2021,1640736000.0,
pgalvaoteles.pt,pgalvaoteles.pt,02-nov-2021,1635811200.0,
pgalvaoteles.pt,pgalvaoteles.pt,02-nov-2021,1635811200.0,
downloads-whatsapp.com,downloads-whatsapp.com,05-feb-2022,1644015600.0,
downloads-whatsapp.com,downloads-whatsapp.com,05-feb-2022,1644015600.0,
flashsavant.com,flashsavant.com,19-feb-2022,1645225200.0,
flashsavant.com,flashsavant.com,19-feb-2022,1645225200.0,
juicypussyclips.com,juicypussyclips.com,10-feb-2022,1644447600.0,
juicypussyclips.com,juicypussyclips.com,10-feb-2022,1644447600.0,
sasenergia.pt,sasenergia.pt,03-nov-2025,1762124400.0,
sasenergia.pt,sasenergia.pt,03-nov-2025,1762124400.0,
bnsoutlaws.co.uk,bnsoutlaws.co.uk,25-feb-2022,1645743600.0,
bnsoutlaws.co.uk,bnsoutlaws.co.uk,25-feb-2022,1645743600.0,
chsplantsales.co.uk,chsplantsales.co.uk,11-feb-2022,1644534000.0,
chsplantsales.co.uk,chsplantsales.co.uk,11-feb-2022,1644534000.0,
inevo.co.il,inevo.co.il,15-feb-2022,1644879600.0,
inevo.co.il,inevo.co.il,15-feb-2022,1644879600.0,
luckyclean.info,luckyclean.info,02-mar-2022,1646175600.0,
luckyclean.info,luckyclean.info,02-mar-2022,1646175600.0,
lcbcad.co.uk,lcbcad.co.uk,19-mar-2022,1647648000.0,
lcbcad.co.uk,lcbcad.co.uk,19-mar-2022,1647648000.0,
lefos.net,lefos.net,02-apr-2022,1648857600.0,
lefos.net,lefos.net,02-apr-2022,1648857600.0,
websitebuildersinfo.in,websitebuildersinfo.in,23-apr-2022,1650672000.0,
websitebuildersinfo.in,websitebuildersinfo.in,23-apr-2022,1650672000.0,
salon77.co.uk,salon77.co.uk,03-may-2024,1714694400.0,
salon77.co.uk,salon77.co.uk,03-may-2024,1714694400.0,
grosirkecantikan.com,grosirkecantikan.com,20-may-2022,1653004800.0,
grosirkecantikan.com,grosirkecantikan.com,20-may-2022,1653004800.0,
mtldesigns.ca,mtldesigns.ca,24-jun-2022,1656028800.0,
mtldesigns.ca,mtldesigns.ca,24-jun-2022,1656028800.0,
tecnocuer.com,tecnocuer.com,21-jul-2022,1658361600.0,
tecnocuer.com,tecnocuer.com,21-jul-2022,1658361600.0,
aintdoinshit.com,aintdoinshit.com,27-aug-2022,1661558400.0,
aintdoinshit.com,aintdoinshit.com,27-aug-2022,1661558400.0,
ama-alliance.com,ama-alliance.com,01-sep-2022,1661990400.0,
ama-alliance.com,ama-alliance.com,01-sep-2022,1661990400.0,
lunaticjazz.com,lunaticjazz.com,14-oct-2022,1665705600.0,
lunaticjazz.com,lunaticjazz.com,14-oct-2022,1665705600.0,
videoflyover.com,videoflyover.com,04-oct-2022,1664841600.0,
videoflyover.com,videoflyover.com,04-oct-2022,1664841600.0,
otylkaaotesanek.cz,otylkaaotesanek.cz,07-nov-2022,1667779200.0,
otylkaaotesanek.cz,otylkaaotesanek.cz,07-nov-2022,1667779200.0,
americancareconcept.com,americancareconcept.com,19-nov-2022,1668816000.0,
americancareconcept.com,americancareconcept.com,19-nov-2022,1668816000.0,
iwgtest.co.uk,iwgtest.co.uk,15-nov-2022,1668470400.0,
iwgtest.co.uk,iwgtest.co.uk,15-nov-2022,1668470400.0,
srslogisticts.com,srslogisticts.com,22-dec-2022,1671667200.0,"GoDaddy.com, LLC"
